1,
@@@@@@@@@@@@@@@@@@@@@@@@@@@@@@@@@@@@@@@@@@@@@@@@@@@@@@@@@@@@@@@@@@@@@@@@@@@@@@@@@@@@@@@@@@@@@@@@@@@@
@@@@@@@@@@@@@@@@@@@@@@@@@@@@@@@@@@@@@@@@@@@@@@@@@@@@@@@@@@@@@@@@@@@@@@@@@@@@@@@@@@@@@@@@@@@@@@@@@@@@
@@@@@@@@@@@@@@@@@@@@@@@@@@@@@@@@@@@@@@@@@@@@@@@@@@@@@@@@@@@@@@@@@@@@@@@@@@@@@@P?G@@@&BP&@@@@@@@@@@@@
@@@@@@@@@@@@@@@@@@@@@@@@@@@@@@@@@@@@@@@@@@@@@@@@@@@@@@@@@@@@@@@@@@@@@@@@@@@@#Y!7?B#J7!Y@@@@@@@@@@@@@
@@@@@@@@@@@@@@@@@@@@@@@@@@@@@@@@@@@@@@@@@@@@@@@@@@@@@@@@@@@@@@@@@@@@@@@&#BPJ7!!7J5?~!?##BGB@@@@@@@@@
@@@@@@@@@@@@@@@@@@@@@@@@@@@@@@@@@@@@@@@@@@@@@@@@&BGP5YYYYYYYYYY55YYYJJ?77!!!!7?JJ7!!7YPJ?Y#@@@@@@@@@
@@@@@@@@@@@@@@@@@@@@@@@@@@@@@@@@@@@@@@@@@@@&B5J7!~~~~~~!!!!!!!!!!!!!!!!!!7????7!!!!7?5JJY&@@@@@@@@@@
@@@@@@@@@@@@@@@@@@@@@@@@@@@@@@@@@@@@@@@@#PJ7!~~~~!!!!!!!!!77???????777!!!!7!!!!!!!!7J5J?G@@@@@@@@@@@
@@@@@@@@@@@@@@@@@@@@@@@@@@@@@@@@@@@@@@#57!!!!!!!!!!7!!!!?JYJ?77!!!!!!!!!7!!!!!!!!!775YJJP@@@@@@@@@@@
@@@@@@@@@@@@@@&&&@@@@@@@@@@@@@@@@@@@@GJ?7777!!!!!!!!!!?5Y?!!~!!!!!!!!!!!777!!!!!!!775YJJY&@@@@@@@@@@
@@@@@@@@@@@@B?!!7?JYPB&@@@@@@@@@@@@@GJJJ?7!!!!!!777?JYPY?JY7!!!!!!!!!!!!7!777!!!!!7?Y5?JJP@@@@@@@@@@
@@@@@@@@@@@P!~~~!!!?JJJYJ??777777???????JJJ??JJJJ?77!~~~~!?P7!7!77!!!77!!77!!!!!!77?J5JJJ?P@@@@@@@@@
@@@@@@@@@@G!!!!!~!!!~~^^^^^^^^^^^^~~~~~~~!!!!?7~~^^~~~!!!!!YY!!!77777!!77!!!!!!77??JJJ5?J??P@@@@@@@@
@@@@@@@@@B!!7!~~^^^^^~~^^^^~~!7??JJJJ57~!!!!~~~~~~~!!!!!!!7?57!7!77!!!7!!!!!777??JJJJJ5YJJ??Y#@@@@@@
@@@@@@@@@5J?!~^^^^^^^^^~7?JJJJYYYYYYYJ!!!!!!!~~~!!!!!!!!!!77YY!!!!!77777777???JJJJJJJJJ5YJ???JB@@@@@
@@@@@@@@&Y7~~~~^^^^^~?JJJJJJYYYYYYYJ!~!!!!~~~~!!!!!!!!!!!!7??P?77777?????JJJJJJJJJJJJJJJPJ?????G@@@@
@@@@@@@G7~~~~~~~~^^~!Y5YYYYYYYYYJ7!~!!!!~~~~!!!!!!!!!!~~!!7??Y5?JJ???JJJJJJJJJJJJJJJJ?J?JP??????B@@@
@@@@@@Y~~~~~~~~~~!7~!~7JY55YYJ?!!!!!!!!!~~~!!!~~~~!!!~~~!!7?7?GYJJJJJJJJJJJJJJJJJJJJJJJJ?55?????J#@@
@@@@@J~!7J!~!!~75Y5!!!!!!7?!!!!!!!!!!!!~~!!!!!77!~~~!~~!!77777PP5J?JJJJJJJJJJJJJJJJJJJJJJJGJ?????Y@@
@@@@J77^!PJ~7?~7P5Y!!!!!!~~~~!!!!!!~!?!~!!!7?JBP55J!~~~!!777?7YY?Y5YJJJJJJJJJJJJJJJJJJJ???GJ??????G@
@@@5?!@!55Y~??~!77!!!!!~!7JYY!!!!!~7?~^~!??~!5JJY5PP!~!!7????7?P77?Y5YJJJJJJJJJJJJJJ??????5J??????J&
@@BY!@^Y?7J~77!!!!!!!~~?Y5Y5P~!!~~!5~~~!J~..YJ??!!Y5P7!7????7775?7?7?YP5JJJJJJJ??????????JJ????????B
@@JJ@@YYJ.?!!!!!!~~~~!55YYYPJ~!~~~!!~~!Y:@@~5?J!@@!55P?????7777YY??JYY5PPPYJJJJ?????JJJJJJ?????????#
@P7~@@55?@?!!!!!~~~~~~7JYYYP7~~~~~~~~!5:@@@?PYY~@@^5YPY7?7777?7?5??YP5YYY5PP5YJ???JJJYYYJJ???????JJ&
@?7^@@YY?.?!!~~~~~~~~~~~~7?J!!!!!!!!!??@@@@JPY5J.@75Y5577777??7?J???JP5YYYYY55P555YY5YJJJ??J???JJJP@
&7!!:.?YJ?J~~~~~~~~~~~~~~~~!!!!!!!!!~J^@@@@!GYYY?7JJJYY777???????????J55Y5YYYYYYPB5YJJJJJ??????JJJ#@
B!!!!7?YJY7~~~~~~!!!!!!!!!!!!~~~!!!!~Y~@@@@.5YJJJYYYY5J7???????????????55YYY555YY5YJ55J?JJJJJJJJJB@@
#?JJ!~~~~~~~~~~~~!!!!!~!!!~~~~~~~!!!!?J7~~^~7Y??????77J?????????????????555555555P57?YPYJJJJJJJ5#@@@
@#YJYYJ?!!~~~7~~~~~~~77~~~~~~~~~!!!!!!!!!!!!!~!!!77?JY5??????????????????JYYYYYYYY?????5PJJJJ5B@@@@@
@@@B5J?JJ5YJ?7!!!~~~~7!~~~~~~~!!!!!!!!!!!!77???Y5YYJJJ??????J????????????777?7777??????7JGPG#@@@@@@@
@@@@@&G5??J5P5G5YYJJJ??JJJJJJJJYYYYYYYYYYYYYPPJPJ???????77JPJ???7777777777????????7777????B@@@@@@@@@
@@@@@@@@&B5J?J5YYYYJJJJJJJ??JJ?JJJJJJJJJYYY5YJ?????777??JJJ777!!!~!!!!77??7???J77!!~!7?????G@@@@@@@@
@@@@@@@@@@@@GJJJ?JYYYJ?7777777777777?JYY5YJ????777??JYYJ?!!!!!!~~~~~~!77YY7?J?7!!7?J77????77G@@@@@@@
@@@@@@@@@@@@G!7?JJJJJJJYYYJYYJJJYYJJJJ?????????JJY5YYJ!!~~~!!!!!!~~~~!77J5JY7!7?YYY5P7???????#@@@@@@
@@@@@@@@@@@@B!!!!!!7?JJYYJJJJJJJJJJJJJYYYYYJYYYYJJY5Y!~~~!?JJJ~!!~~~!777JBJ!7YYJJJYYP???????7P@@@@@@
@@@@@@@@@@@@&7!!!!7?JY777??JYYYYY5YYYJJYJJJJJJJJJ?5Y~~~!~?5JJ57!!!~!!777PP~7PJJJJYYYPJ??????7Y@@@@@@
@@@@@@@@@@@@@5~7JYJJJYY7777??YYJJ????JJJJJJJJJJJJYY!7??JY!?JY57~!~~!777?G!!!?5JJYY55PY???????Y@@@@@@
@@@@@@@@@@@@@&YY???JJJ5?77777??JJYYYJ????JJJ?JJJJGYJJ??JP!~!!~~!~~!7777P?!!!!7Y5555PGY???????5@@@@@@
@@@@@@@@@@@@@@&?7?JJJ5P7777777777??5&#GP5YYYYJJJP5?????5J~~~~!!~!!7777GP7????7?JY55YY???????7G@@@@@@
@@@@@@@@@@@@@@@BJJJY5Y7777777777775&@@@@@BYY555PBJJ??JY5~~!!~~~!!777?P5P?????????????????????&@@@@@@
@@@@@@@@@@@@@@@@P!77777777777777?G@@@@@@@@#5J??G5JJYJYP7~~~~~!!777!J&#B&Y7?????????????????7G@@@@@@@
@@@@@@@@@@@@@@@@@P!777777777777J#@@@@@@@@@@&BBGPJYYYYY7~~~~!!77777P@@@@@&Y7??????7?????????P@@@@@@@@
@@@@@@@@@@@@@@@@&JP7!J?7?7J77?P@@@@@@@@@@@@@@@@J~!!!~~~~!!!7777?5&@@@@@@@&G?J?7JJ?77?J?77JB@@@@@@@@@
@@@@@@@@@@@@@@@@@&BJ5B#BJ7GB#&@@@@@@@@@@@@@@@@G7J~!77?!!7??77JP&@@@@@@@@@@@YPBGY!5P5Y75PG&@@@@@@@@@@
@@@@@@@@@@@@@@@@@@@@@@@@@@@@@@@@@@@@@@@@@@@@@@BG&#G:^YGG?7BG#@@@@@@@@@@@@@@@@@@&&&@@&#&@@@@@@@@@@@@@
@@@@@@@@@@@@@@@@@@@@@@@@@@@@@@@@@@@@@@@@@@@@@@@@@@@#&@@@&&@@@@@@@@@@@@@@@@@@@@@@@@@@@@@@@@@@@@@@@@@@
@@@@@@@@@@@@@@@@@@@@@@@@@@@@@@@@@@@@@@@@@@@@@@@@@@@@@@@@@@@@@@@@@@@@@@@@@@@@@@@@@@@@@@@@@@@@@@@@@@@@,
2,
@@@@@@@@@@@@@@@@@@@@@@@@@@@@@@@@@@@@@@@@@~?^@@.@.@@@@@@@@@@@@@@@@@@@@@@@@@@@@@@@@@@@@@@@@@@@@@@@@@@@
@@@@@@@@@@@@@@@@@@@@@@@@@@@@@@@@@@.:@@@@@:7!7!?7?~~7.@@@@@@@@@@@@@@@@@@@@@@@@@@@@@@@@@@@@@@@@@@@@@@@
@@@@@@@@@@@@@@@@@@@@@@@@@@@@@@@@@@~Y7:!J@~Y~!7!!!77J?.@@@@@@@@@@@@@@@@@.....@@@@@@@@@@@@@@@@@@@@@@@@
@@@@@@@@@@@@@@@@@@@@@@@@@@@@@@@@@@?7?7?G77J~!!!!!!!7JJ?~.@@@@@@@@@@@@@J?JJ?J!^:@@@@@@@@@@@@@@@@@@@@@
@@@@@@@@@@@@@@@@@@@@@@@@@@@@@@@@@77~^~5P7!Y~!!!!!!!???JJJ7^@@@@@@:7^@@Y?JJJY5YJ@@@.:.@@@@@@@@@@@@@@@
@@@@@@@@@@@@@@@@@@@@@@@@@@@@@@@@77^^~7G?!??~!!!!!!7???????J7~.@:7??Y~@Y?JJJJJJ5^!?JY7@@@@@@@@@@@@@@@
@@@@@@@@@@@@@@@@@@@@@@@@@@@@@@@??^~~!?PJ7Y7!!!!!!7????????77??~J????JJY?JJJJJJ5JJJJY!@@@@@@@@@@@@@@@
@@@@@@@@@@@@@@@@@@@@@@@@@@@@@@7?~~!!!?5J5J!!!!!77????????JYYJ??PJJJJ?YYJJJJJJJJJJYYY~.@@@@@@@@@@@@@@
@@@@@@@@@@@@@@@@@@@@@@@@@@@@@~Y!!!!!!?PJ5!!!!!7?????????Y5YY55YJ5JJJJJJYJYJJJJJJY5JJJY.@@@@@@@@@@@@@
@@@@@@@@@@@@@@@@@@@@@@@@@@@@.5?7!!!!!7PYJ!!77?????????JY5PP5YYY5GYJYYYJY5YJJJJJ???JJYJ@@@@@@@@@@@@@@
@@@@@@^~~!77?:@^:::..@@@@@@@!Y????77775P????????????JJ5YY5PPP5YYYYJJJJY5YJJJJJYYYJJ??~@@@@@@@@@@@@@@
@@@@@@7P7777?J:YJYYYY7@@^!~^YYJJ??????JB??????????JJJPJYYYYY5PYYYJJJ55Y??????JYYYY~@@@@@@@@@@@@@@@@@
@@@@!?7YY777??J?5JJJJY?@!Y?JJJPY5Y??J??5???JJJ?JJJJJY5P5YYYYYYYYYY5PY7!!7777?????Y^@...:.@@@@@@@@@@@
@.:@@!?!YY7777?5GJJJJJY7^5????J?JPJ5Y555Y5YJJJJJJJJ55J5P5YY555555GGY?????JJ?JYYJYP777777J?@@@@@@@@@@
@J??!~JY7?7777775YJJJJ?JJ5???????YP5?JPGPJY55YYYYY5Y?Y7!7???????JJJ???7!!!!!!?Y5PPP55YJJJY?.@@@@@@@@
:Y?????Y?77777777???????J5??JJJJJ?G5JJ5&5YYYYP5YYY5J5@&P?!777!!~~~~!!!!!!!!!!!!!?Y5PPGGP?JYJ@@@@@@@@
.^~JY?777777?777777????JJJJJJJJJJJ55YYYGYYYYYPYYYY5YP@@@#5?!!!!!!~~~~~!!!!!!!!!!777J5PPG7!?57@@@@@@@
:J?7?777!!!777??JJJJJJJJJJJJJJ5JJYYYYYYYYYYYYGP55Y5YG@@&#BJ!7!!!!7J?7?77!!!!??!JPPP7!?YY7!!7JJ!@@@@@
@.?J7777JJ?!!777??JJYYYYYYYYJJ55YYYYYYYYYYYY5GYJ5PP5P@&PJ7!777!!!J^.^P55P5?7!JJ!7YPY!!!!!777!7Y~@@@@
@@@!77JJJ?7????JJJJJJJJJYYYYY5PGPYYYYYYYYYYY5YYYYPGPYP?!!777!!!!?!@@.YJJB@&P5JJ!!!7?777!!!!!7JJP~@@@
@@@@@^JJ?YP5YJJJJJJYYYYYJJJJYY5PGGPP5YY5YYYYYYYYY55G7!!!777!!!!7?^@@@JYYP&BY5GJ7!77!77777!7777YBP:@@
@@@@@@@~~Y5YYYJYYY55YJJJJYYYYYY55PPPGGPP5YYYYYYYY55577!77!!!!7777~@@@^5JJJ????7!!7!!!7!7777!!!YPY?.@
@@@@@@@@@@.~7Y5Y7?YYYJJYP5YYYYYYY55YY5PGGPPYYYY55YYY!!!!!!!!77777?!!!!7!!~!!!77????????77?J!!!JYYYJ.
@@@@@@@@@@@@@@:.@@.^!7?P5YYYYY5PP5YYYYYY5PGGG55YJ??7~!!!!!!!77777!7!!!7??YJYYYYYYYYYYYY5YJ?77?YYJY57
@@@@@@@@@@@@@@@@@@@@@@@:!YGPPGG5YJJY5YYYYPGG5YYYYY?~!!!!!!!!7777777?J57~~5JJJJJJJJJJJJJJJJYY5YYP~Y!@
@@@@@@@@@@@@@@@@@@@.^~7?JJJ5PPGP55PBG55GGGPPPJYYYJ!!!!!!!!!!77!77?JYJJY!?YJJJJJJJJJJJJJJJJJJJJYJ~.@@
@@@@@@@@@@@@@@@.:!?JJJJJJJJJ555PGGPP55PGPPPGPJ7?7!!!!77777777777??JJJJJYYJJJJJJJJJJJJJJJJJ??JY7@@@@@
@@@@@@@@@@@@.^!?J???????JJJJ55PPY??JJ5GPPPPGYJ!~~~!!!777777777?JJJJJJJJJJJJJJJJJJJJJ?????7?J7.@@@@@@
@@@@@@@@@.~!7??YJ??????5Y??J5G57?JJ7YGPPPPP5!~~~~~!!!777777777?JJJJJJJJJJJJJJJJJJ??7777???7:@@@@@@@@
@@@@@@@@@.JJJ5BYJ?????J#JJJ5PJ~7??775GPPPPG5~~~~~~~!!7777777777?JJJJJJJJJJJJJJJJ?77??J57~.@@@@@@@@@@
@@@@@@@@@@:~!YJJPJ???JPG555P7!~~7PPJ7J55P5J7!!!~~~~!!777777777?JYYYJJJJJJJJJJJJJJJYY55P^@@@@@@@@@@@@
@@@@@@@@@@@~YYYYYJJJYJ@JPPG?~!!!YP5?!!!!!!~!!?7~~~~~!!7!!!7777YYY5555555555555555YYYYYJJ.@@@@@@@@@@@
@@@@@@@@@@@.:^:?JJJ?!.@!!?Y~!!!!77!!!!!!!!!7?PJ~~~~~!JP5J77!77YPYYYYYYYYYYYYYYYYYYYYYJ777@@@@@@@@@@@
@@@@@@@@@@@@@@@@@@@@@@@@@YJ?!~!!!!!!!!!!!7JYY55!!~!!!5P5P55?77J5PYYYYYYYYYYY55YYYYY5PP55P:@@@@@@@@@@
@@@@@@@@@@@@@@@@@@@@@@@@!P5557!!!!!!!!7?JYYYYYP7!!!7!5P555PP5YJJ55YYYYYYYY55YYYYYYJPP55PG?@@@@@@@@@@
@@@@@@@@@@@@@@@@@@@@@@@@555555?!!!???JYYYYYYYY5J!!!77?PPP555PGJJJGYYYYYYPP5YYYYYYYJYGP55P5@@@@@@@@@@
@@@@@@@@@@@@@@@@@@@@@@@~P5555PP!!7JY5YYYYYYYYYYP!!!77!7YPPPPP5JJJ55YJ?~:~5YYYYYY5G5JJ5PPPG:@@@@@@@@@
@@@@@@@@@@@@@@@@@@@@@@@J5PPPP5?7?YYYYY555YYYYYY5Y!7777?J??7??JJJJYY:.@@@@~5YYYYY5GG5?7?YJY^@@@@@@@@@
@@@@@@@@@@@@@@@@@@@@@@.Y!?JJ7!7JYYYYYJYY7!JY55YYPY!77!GP55J!?JJJJYY@@@@@@@~5YYYYY5JJJJ7!!J~@@@@@@@@@
@@@@@@@@@@@@@@@@@@@@@@.5?7!!!?JYYYYYJJJ.@@@.^~7??5Y7!!Y55Y??JJJJJJ5:@@@@@@@~5YJJJJJJJJJ?7Y:@@@@@@@@@
@@@@@@@@@@@@@@@@@@@@@@@JYJ?JYYJJYYJJJJ.@@@@@@@@@@@75J777!!?JJJJJJJ5^@@@@@@@@^YYJJJJYYJJJY5!.@@@@@@@@
@@@@@@@@@@@@@@@@@@@@@@@~YYY55YY5Y7Y55J:@@@@@@@@@@@@~YYJ?7?YYJJYJYJY?.@@@@@@@@.!7?J?!JP!^75!!.@@@@@@@
@@@@@@@@@@@@@@@@@@@@@@@@.:^~~7?!!!7!::.@@@@@@@@@@@@@.7JYYP!!55~^~5?~?.@@@@@@@@@@@@.::^.::^@@@@@@@@@@
@@@@@@@@@@@@@@@@@@@@@@@@@@@@@@@@@@@@@@@@@@@@@@@@@@@@@@.^~~^~?:.::~^@.@@@@@@@@@@@@@@@@@@@@@@@@@@@@@@@,
3,
@@@@@@@@@@@@@@@@@@@@@@@@@@@@@@@@.:^^^~!!77!~~~:@@@@@@.:^~~~!!~^:.@@@@@@@@@@@@@@@@@@@@@@@@@@@@@@@@@@@
@@@@@@@@@@@@@@@@@@@@@@@@@@@@.^!77?7!!!77777??J??~~!~7?J???7~^~7777!~:.@@@@@@@@@@@@@@@@@@@@@@@@@@@@@@
@@@@@@@@@@@@@@@@@@@@@@.::^^^7?J???????????YYJJ?JJJJJJJJYJYJ?7777!!7?JJ!:..@@@@@@@@@@@@@@@@@@@@@@@@@@
@@@@@@@@@@@@@@@@@@.^!7??!~^~~!!!777???77?JYJ7!^!~^!!!??7?YYJ??7!!!77777!!!!!~^:.@@@@@@@@@@@@@@@@@@@@
@@@@@@@@@@@@@@@.~7?J?7!~7777?????7777!~!7777777!~~!7????7!~!7?7??????7!~~^^~!???!^.@@@@@@@@@@@@@@@@@
@@@@@@@@@@@@@@.JJ??!~~!7Y5J?777~^^::^!777!!!!7?JY555J?7!!!!77!!!!!!!7??JJJ?????????^@@@@@@@@@@@@@@@@
@@@@@@@@@@@@@@J???J?77?JJ??777!::^:^!77!^:^~JPBBBB##BBG5?777777777!~7??????JJJ7!???J!@@@@@@@@@@@@@@@
@@@@@@@@@@@@@.5JJ7~:!J????????7~~~!7?7777~!BBBBBBBBBBBBB?~?77777???77???????JJYY????J.@@@@@@@@@@@@@@
@@@@@@@@@@@@@@!!.@@?YJ?????????JJJJJ?JJ7:@YBGGGGBBBBGGGBP:.!J???7!~^^7?????JJJ?J?!:~7.@@@@@@@@@@@@@@
@@@@@@@@@@@@@@@@@@.!?JJJJJJJJ??JJJJJY7:@@^BGBBPBBBBBBGBBBJ@@:?J?!^^~!?????JJJJYJ?~@@@@@@@@@@@@@@@@@@
@@@@@@@@@@@@@@@@@@@@@.:~!7?JJ5JJJJJY!.@.~JPP5PPGPGGGGGPPGY@@@.7JJ?7?JJJJJJJJJ?7:@@@@@@@@@@@@@@@@@@@@
@@@@@@@@@@@@@@@@@@@@@@@@@@.:^!7?JY55Y55PGGYJJYJJYYY555P55PYJJJ77JJJJJJJ?7!~:.@@@@@@@@@@@@@@@@@@@@@@@
@@@@@@@@@@@.:.@.^^~^^?7?7JYJJJJJ5GGGGGGGGGG55555Y5PGPPGPPGPGGGGPPYY5YJJ?7~!~~:::..@@@@@@@@@@@@@@@@@@
@@@@@@@@@@~JJ??J5YJJJYPYY55Y5PPPPPPPGGGGGGGGP5555PPPGGGPGGGGPPPPPPPPPPP555YYYYJJJY?!!~^.@@@@@@@@@@@@
@@@@.::.^7????JJJJY555555P5PPPPPPPPPPGPP555Y5YYYP55YYY5Y55PGGPPPPPPP55PPY55Y55YJYYJYYYYYJ~@@@@@@@@@@
@@@^??J??J?7??JYJJJYYYYYYY5YYJ???JJYYPYYYJJJJJJJ55JJJJJJJYYJPY???77?JYP5YJYYYYYYJJYYYYJYYJ?7~^:.@@@@
@@:~7JJ???7?JYYJJJJJJ5YYYYYPP5Y?7!!!75YYYYYYJJJJ55JJJJJJJY555?!!7JY555YYYYYJJYJJJJJYYJJJJ??JJJ?77!~.
^J????7?Y???JYJJJJJJPPJJYPPY5YY55Y7!7JY55YJJYYJJJJJJJYYJJYJYJ77?555JJY5YPPYJJY5YJJYJJ5Y???J?JYJ???~@
!J7JJ???J??J!?JJ55Y5PP555PPPPYJJ??7!!!!JYY555YJ???JJJJYPY55?7???????JYPPPPP555PP5YPPYYY???Y5J?J?7:@@
@@.~!!.~!77~:555PP555P5555PY77!!77777777??YJJ5J?????Y5JYJ?????????777?J5555555555P5555J:.~~~~^~^:.@@
@@@@@@@@@@@:YYY5YY5P5JJJYY7!!!!7J777!!?7!!7?Y577Y5??JYJ?7??777?J?J?7777?55555YY5555YYYYY:@@@@@@@@@@@
@@@@@@@@@@.Y55YYYYG5JJJY?!!!!!!?!^YJJ7?Y77777??JY?JJ?7777J777JJJ.!?777??JY5YYYYYP5PYYYYY5^@@@@@@@@@@
@@@@@@@@@@!5YYYYYYGJJJYJ7777!!77!.^~~7Y?7!!!!!!7777777!77??J!^^.:7????JJJJY5YYYYPPPYYYYYY5.@@@@@@@@@
@@@@@@@@@@JYYYYYYYY??JJ5J????77777!~!77!!!7777777???77777!!777!7??JJJYYJJY5YYYYY5GYYYYYYY5~@@@@@@@@@
@@@@@@@@@@J555YYY5Y?JJJJ5YJJJYYYJ7?J??7777777!!777?77777????JY557Y5YJJJY55YJJYYY5PYYYYYY55:@@@@@@@@@
@@@@@@@@@@.Y55YYY55JJJJJJYYYYYYJY75GY???JJ???J?????JJJJJJJ???5PPYJJ5YY55YJJJJJYY55YYYY55P?@@@@@@@@@@
@@@@@@@@@@@.?5555PPJJJJJJJJJJJYYJYGGJ777777??JJJJ??JJ?7777777YPGYJP5YYYYJJJJJJJY55Y555557@@@@@@@@@@@
@@@@@@@@@@@@@JP555PPYJJJJJJJJJJYYJYPPY?777!!!!!!!!!!!!!!77??YP5YY5YYYYYJJJJYJJYYP5555PJ^@@@@@@@@@@@@
@@@@@@@@@@@@^?YPPP5PPYYYJJJJJJYYYYYYY5YJJ77!!!!!!!!!!!!7?YJ55YY5YYYYYYYYYY55YYYPPPPPPY:@@@@@@@@@@@@@
@@@@@@@@@@@@^^^!!?!???Y5YYYYYY5YYYYYY5YYJ5P555555555555PYYYJY5YY55YYYYYYYYYYYY5J7J?7~^~@@@@@@@@@@@@@
@@@@@@@@@@@@@@@@@@.@@@:?5YYYYYYYYYY55P7.~!7???????77??????5YYYYYYYYYYYYYYYYY5J.@.@@@@@@@@@@@@@@@@@@@
@@@@@@@@@@@@@@@@@@@@@@@@^555P55P55555J@@@@@@@@@@@@@@@@@@@~5YYYYYYYYYYY55YYYY?:@@@@@@@@@@@@@@@@@@@@@@
@@@@@@@@@@@@@@@@@@@@@@@@.7!JJ5?75YY77^@@@@@@@@@@@@@@@@@@@?5YYYYYYYYYYYYYYY~@@@@@@@@@@@@@@@@@@@@@@@@@
@@@@@@@@@@@@@@@@@@@@@@@@@.@@@.^^^:.@.@@@@@@@@@@@@@@@@@@@~!J5YYY?5YYYYYY57.@@@@@@@@@@@@@@@@@@@@@@@@@@
@@@@@@@@@@@@@@@@@@@@@@@@@@@@@@@@@@@@@@@@@@@@@@@@@@@@@@@:!:^7?Y^:?5YYY~!!@@@@@@@@@@@@@@@@@@@@@@@@@@@@
@@@@@@@@@@@@@@@@@@@@@@@@@@@@@@@@@@@@@@@@@@@@@@@@@@@@@@@@@@@@@.~~^::.:^~.@@@@@@@@@@@@@@@@@@@@@@@@@@@@,
4,
@@@@@@@@@@@@@@@@@@@@@@.::^~77777!!!~:.@@@@@@@@@@@@@@@@@@@@@@@@@@@@@@@@@@@@@@@@@@@@@@@@@@@@@@@@@@@@@@
@@@@@@@@@@@@@@@@@@.^!77!~~~~~~~~~~~!!7?7^@@@@@@@@@@@@@@@@@@@@@@@@@@@@@@@@@@@@@@@@@@@@@@@@@@@@@@@@@@@
@@@@@@@@@@@@@@@@:!7!~^^^~~~~~~~~~~~~~~!?JJ~@@@@@@@@@@@@@@@@@@@@@@@@@@@@@@@@@@@@@@@@@@@@@@@@@@@@@@@@@
@@@@@@@@@@@@@@^?7~^:::^~~~~~~~~~~~~~~~~!77YJ.@@@@@@@@@@@@@@@@@@@@@@@@@@@@@@@@@@@@@@@@@@@@@@@@@@@@@@@
@@@@@@@@@@@@@7J!^^^^^^~~~~~~~~~~~~~~~~~~!77JY.@@@@@@@@@@@@@@@@@@@@@@@@@@@@@@@@@@@@@@@@@@@@@@@@@@@@@@
@@@@@@@@@@@:?7~~^^^^~~~~~~~~~~~~~~~~~~~~!!77?Y.@@@@@@@@@@@@@@@@@@@@@@@@@@@@@@@@@@@@@@@@@@@@@@@@@@@@@
@@@@@@@@@@:J~~~~~~~~~~~~~~~~~~~~~~~77~~7J5J77?J@@@@@@@@@@@@@@@@@@@@@@@@@@@@@@@@@@@@@@@@@@@@@@@@@@@@@
@@@@@@@@@@!J7~~?~~~~~~~~~~~~~~~~~~~J~!?!.J&G77J7@@@@@@@@@@@@@@@@@@@@@@@@@@@@@@@@@@@@@@@@@@@@@@@@@@@@
@@@@@@@@@@?BJ7^!7~~~~~~~~~~~~~~~~~~!~!Y.@.B&B77Y:@@@@@@@@@@@@@@@@@@@@@@@@@@@@@@@@@@@@@@@@@@@@@@@@@@@
@@@@@@@@@@BJ@J~~~~~~~~~~~~~~~~~~~~~~~7#^@.B#&P7?J@@@@@@@@@@@@@@@@@@@@@@@@@@@@@@@@@@@@@@@@@@@@@@@@@@@
@@@@@@@@@^BP@!7~~~~~~~~~~~~~~~~~~~~~~!#B?Y&#GBJ7Y^@@@@@@@@@@@@@@@@@@@@@@@@@@@@@@@@@@@@@@@@@@@@@@@@@@
@@@@@@@@@!B#PYJ~~~~~~~~~~~~~~~~~~~~~~!BG#&#BPGJ7?J@@@@@@@@@@@@@@@@@@@@@@@@@@@@@@@@@@@@@@@@@@@@@@@@@@
@@@@@@@@@~P5&#Y~~~~~~~~~~~~~~~~~~~~~~~GP55PP5P?775:@@@@@@@@@@@@@@@@@@@@@@@@@@@@@@@@@@@@@@@@@@@@@@@@@
@@@@@@@@@!5YGG5~~~~~~~~~~~~~~~~~~~~~~~JGYJY5Y?777Y7@@@@@@@@@@@@@@@@@@@@@@@@@@@@@@@@@@@@@@@@@@@@@@@@@
@@@@@@@@.J~7?J7~~~~~~~~~~~~~~~~~~~~~~~~77!7777777JJ@@@@@@@@@@@@@@@@@@@@@@@@@@@@@@@@@@@@@@@@@@@@@@@@@
@@@@@@@@77~~~~~~~~~~~~~~~~~~~~~~~~~~~~~~!7777J777J7@@@@@@@@@@@@@@@@@@@@@@@@@@@@@@@@@@@@@@.^@@@@@@@@@
@@@@@@@.Y7Y7!~~~~~~!!~~~~~~~!7~~~~~~~~!77??55J7775^@@@@@@@@@@@@@@@@@@@@@@@@@@@@@@@@@@@@@@~J!:@@@@@@@
@@@@@@@@??7?JY77!~~~!~~~~~~~!~~~!!7?JYY5J!JP7777J?@@@@@@@@@@@@@@@@@@@@@@@@@@@@@@@@@@@@@@.?7?J7@@@@@@
@@@@@@@@@!J?7?JJG5Y??77777???JYYYYYYJJJJYPY7777J?@@@@@@@@@@@@@@@@@@@@@@@@@@@@@@@@@@@@.:@^?????@@@@@@
@@@@@@@@@@.!?????J55YYYJJYYYJJ??7777!7?Y5J7777JJ@@@@@@@@@@@@@@@@@@@@@@@@@@@@@@@@@@@@@~7:!??77?.@@@@@
@@@@@@@@@@@@@^7????JJYJYJ?7!!~~~~~~~~?5J77777?Y.@@@@@@@@@@@@@@@@@@@@@@@@@@@@@@@@@@@~!~:7?777?J^@@@@@
@@@@@@@@@@@@@@@@:~!7??JJJJ?777!!77??JJ77777775~@@@@@@@@@@@@@@@@@@@@@@@@@@@@@@@@@@@@!!::!7777!77@@@@@
@@@@@@@@@@@@@@@@@@@@.:~?5J??JJJ????777777777?Y?!~^:.@@@@@@@@@@@@@@@@@@@@@@@@@@@@@@.7~~~!!777^~?7^@@@
@@@@@@@@@@@@@@@@@..^~!77??777?JJJYJ7777777777!!~~!!77!~^.@@@@@@@@@@@@@@@@@@@@@@@@@.?7!77777?~:!7??^@
@@@@@@@@@@@@@.^~7777!~~!7!7?J?7!~!?JY?777777!~~~~~~~~~!!77!~^:.@@@@..:.@@@@@@@@@@@:?!77777?J!::^^!~@
@@@@@@:..^~!??7!~~~~~~~?7~77~^^^^^^^~?J?!!~~~~~~~~~~~~~~~~~!7777!!!77Y^@@@@@@@@@@:!~77!777?J!:::^^.@
@@@!?!?777!!~~~~~~~~~~~5!?~......:....:7?~~~~~~~~~~~~~~~~~~~~~~~~!!7JJ!!!.@@@@@@^~^~!^^!7??!~::^!~!@
:??77~~~~~~~~~~~~~~~~~7JJ^..............^?7~~~~~~~~~~~~~~~~~~~~!777777JJ!.@@@@@~^:^^:::~7!^:::^7?^7:
@.~77!~~~~~~~~~~~~~~~~Y5^.................!J!~~~~~~~~~~~~~~~~~!!JY77??J?.@@@@@@7!^::::^7~::::^!7!~~@
@@@@:?!~~~!!!!!!!!!!77G^...................^J7~??7!!!~!!!!!!!7JYY5J?7~:.@@@@@@@@^!~^::^^:::::!7?7!@@
@@@@@J??7777??????777Y!..............:::....:J7~7?JJY5J??????77!^:.@@@@@@@@@@@@@@@:7~^^:::::!??7?.@@
@@@@@::.@@@@@@@@@@@@@7:...............:::....:Y7~~!77?J~@@@@@@@@@@@@@@@@@@@@@@@@@@@^?~:::^^^!?77?.@@
@@@@@@@@@@@@@@@@@@@@@J........................:Y!~~~~~~77.@@@@@@@@@@@@@@@@@@@@@@@@@@.:::!77!!!~^.@@@
@@@@@@@@@@@@@@@@@@@@:?..............::::.......~Y~~~~~~~!?^@@@@@@@@@@@@@@@@@@@@@@@@@@@@.Y~?~@@@@@@@@
@@@@@@@@@@@@@@@@@@@@:7...............::::.......?7~~~~~~~~?!@@@@@@@@@@@@@@@@@@@@@@@@@@.J7^?~@@@@@@@@
@@@@@@@@@@@@@@@@@@@@:!..............::::::......:J~~~~~~~~~7?.@@@@@@@@@@@@@@@@@@@@@@@:Y?~~Y^@@@@@@@@
@@@@@@@@@@@@@@@@@@@@~7..............::::::::.....?!~~~~~~~~~!J^@@@@@@@@@@@@@@@@@@@@@~Y?7!7Y@@@@@@@@@
@@@@@@@@@@@@@@@@@.^77J:..............::::::::::::7J~~~~~~~~~~!J7@@@@@@@@@@@@@@@@@@^JY7777P~@@@@@@@@@
@@@@@@@@@@@@@@@.~!!~^!?:.............::::::^^^^^!?~~^^~~~~~~~~~?J.@@@@@@@@@@@@.:!JY?777?Y?@@@@@@@@@@
@@@@@@@@@@@@@@~!~^~~~^??^^:::::::::::^^^^^^^^^^!?~^^^^~~~~~~~~~~7J:.@@@...:~7?JYJ???????J@@@@@@@@@@@
@@@@@@@@@@@@:7~^^^^~~~^??^^^^^^^^^^^^^^^^^^^^^~J^^^^^^~~~~~~~~~~!JGJ?JJJJJYJJJ?????JJJ??.@@@@@@@@@@@
@@@@@@@@@@@:J^::^^^~~~~!?J!^^^^^^^^^^^^^^^^^^^!J^^^^^~~~~~~~~~~!775Y?????????????JJJ?J~@@@@@@@@@@@@@
@@@@@@@@@@@J!:^^^~~~~!7777JJ!^::^^^^^^^^^^^^^:!J^~~~~~~~~~~~~~!777?G???????????JJJ??!.@@@@@@@@@@@@@@
@@@@@@@@@@.5~~~~~!!777777777JJ?!^::^^^^^^^^^^^^Y!~~~~~~~~~~~!!77777PJ??????JJJ??77!:@@@@@@@@@@@@@@@@
@@@@@@@@@@.5!!!777777777777777??J?7!!~^^^^^^^^:!Y7!!!!!!!!777777777Y5JJJJJJ???7!^.@@@@@@@@@@@@@@@@@@
@@@@@@@@@@@7577777777777777777???JJJJJJ?!~~!~~~~7PJ7777777777777777Y57??777!~^.@@@@@@@@@@@@@@@@@@@@@
@@@@@@@@@@@@?5?7777777777777JY7~^:..@@@@@@...::^^~!JJ77777777777777J5~~~^:.@@@@@@@@@@@@@@@@@@@@@@@@@
@@@@@@@@@:~777JJ?77777777777JY@@@@@@@@@@@@@@@@@@@@@.~??777777777777?7@@@@@@@@@@@@@@@@@@@@@@@@@@@@@@@
@@@@@@@^~~J7^7Y???77??????JJJ!@@@@@@@@@@@@@@@@@@@@@@@.J?777777777777??^@@@@@@@@@@@@@@@@@@@@@@@@@@@@@
@@@@@.J!!J^:^!7^^7Y?7!!^^:..@@@@@@@@@@@@@@@@@@@@@@@@@@.J?7777??777JJPJ!7~.@@@@@@@@@@@@@@@@@@@@@@@@@@
@@@@@@..J7~^J?~~^:.@@@@@@@@@@@@@@@@@@@@@@@@@@@@@@@@@@@@:JJ??J~!JJJ!~7JJ!7!@@@@@@@@@@@@@@@@@@@@@@@@@@
@@@@@@@@..@@..@@@@@@@@@@@@@@@@@@@@@@@@@@@@@@@@@@@@@@@@@@.^!7Y7^^?5?7!!?Y.@@@@@@@@@@@@@@@@@@@@@@@@@@@
@@@@@@@@@@@@@@@@@@@@@@@@@@@@@@@@@@@@@@@@@@@@@@@@@@@@@@@@@@@@@:^~~?7@.::.@@@@@@@@@@@@@@@@@@@@@@@@@@@@,
5,
@@@@@@@@@@@@@@@@@@@@@@@@@@@@@@@@@@@@@@@@@@@@@.^!7??7.@@@@@@@@@@@@@@@@@@@@@@@@@@@@@@@@@@@@@@@@@@@@@@@
@@@@@@@@@@@@@@@@@@@@@@@@@@@@@@@@@@@@@@@@@@:~!7????JJ:@@@@@@@@@@@@@@@@@@@@@@@@@@@@@@@@@@@@@@@@@@@@@@@
@@@@@@@@@@@@@@@@@@@@@@@@@@@@@@@@@@@@@@:^!7777??JY?~.@@@@@@@@@@@@@@@@@@@@@@@@@@@@@@@@@@@@@@@@@@@@@@@@
@@@@@@@@@@@@@@@@@@@@@@@@@@@@@@@..:^~!7??777?JJJJ~.@@@@@@@@@@@@@@@@@@@@@@@@@@@@@@@@@@@@@@@@@@@@@@@@@@
@@@@@@@@@@@@@@@@@@@@@@@@@@@@~!77777777???JJJJJY.@@@@@@@@@@@@@@@@@@@@@@@@@@@@@@@@@@@@@@@@@@@@@@@@@@@@
@@@@@@@@@@@@@@@@@@@@@@@@@@:7?777777777?7???JJJJ?.@@@@@@@@@@@@@@@@@@@@@@@@@@@@@@@@@@@@@@@@@@@@@@@@@@@
@@@@@@@@@@@@@@@@@@@@@@@@:!?77777777777777!7?JJJJJ:@@@@@@@@@@@@@@@@@@@@@@@@@@@@@@@@@@@@@@@@@@@@@@@@@@
@@@@@@@@@@@@@@@@@@@@@@@~77777777777777777JJJJJJ??J:@@@@@@@@@@@@@@@@@@@@@@@@@@@@@@@@@@@@@@@@@@@@@@@@@
@@@@@@@@@@@@@@@@@@@@@@@!7?7777777!77!7?J??YJJJJ??7J:@@@@@@@@@@@@@@@@@@@@@@@@@@@@@@@@@@@@@@@@@@@@@@@@
@@@@@@@@@@@@@@@@@@@@@@@:5J77777?7!77JG7?~:?JJJJJ??7J.@@@@@@@@@@@@@@@@@@@@@@@@@@@@@@@@@@@@@@@@@@@@@@@
@@@@@@@@@@@@@@@@@@@@@@@@PY777777??YG@@GP!~!JJJJJJJ?J~@@@@@@@@@@@@@@@@@@@@@@@@@@@@@@@@@@@@@@@@@@@@@@@
@@@@@@@@@@@@@@@@@@@@@@.^??77777777?JJJ???JJJJJJJJJJJ:@@@@@@@@@@@@@@@@@@@@@@@@@@@@@@@@@@@@@@@@@@@@@@@
@@@@@@@@@@@@@@@@@@@@@^!!77777777777777??JJJJJJJJJJJ:@@@@@@@@@@@@@@@@@@@@@@@@@@@@@@@@@@@@@@@@@@@@@@@@
@@@@@@@@@@@@@@@@@@@@@?!!7777777????JJJJJJJJJJJJJJ?.@@@@@@@@@@@@@@@@@@@@@@@@@@@@@@@@@@@@@@@@@@@@@@@@@
@@@@@@@@@@@@@@@@@@@@@^J777JJJYYYYYYYYYYYY5YJJJJY7.@@@@@@@@@@@@@@@@@@@@@:^.@@@@@@@@@@@@@@@@@@@@@@@@@@
@@@@@@@@@@@@@@@@@@@@@@^?JYYY5YJJJJJJJJJJJJJJJJJJ.@@@@@@@@@@@@@@@@@@@@@@.!J~.@.@@@@@@@@@@@@@@@@@@@@@@
@@@@@@@@@@@@@@@@@@@@@@@@.:::!?JYJJJ??5YYJJJJJJJJ@@@@@@@@@@@@@@@@@@@@@@@@@!?7^~~.@@@@@@@@@@@@@@@@@@@@
@@@@@@@@@@@@@@@@@@@@@@@@@@@@@@:^:..@^JJJJJJJJJJY~@@@@@@@@@@@@@@@@@@@@@@@@@!?77?!^..@@@@@@@@@@@@@@@@@
@@@@@@@@@@@@@@@@@@@@@@@@@@@@@@@@@@.:7777?JJJJJJJY:@@@@@@@@@@@@@@@@@@@@@@@@.!???J?7?^@@@@@@@@@@@@@@@@
@@@@@@@@@@@@@@@@@@@@@@@@@@@@@@.~!!7?7777777??????J7!!:@@@@@@@@@@@@@@@@@@@@@.!!7?J?7?7:@@@@@@@@@@@@@@
@@@@@@@@@@@@@@@@@@@@@@@@@@.:^~?J777?7!!77777777777777?7~:.@@@@@@@@@@@@@@@^^.^!~~!!~7J?^@.@@@@@@@@@@@
@@@@@@@@@@@@@@@@@@@@:^~!7?JJJJJJJY7^::::^~?7777777777!7777!~:.@@@@@@@@@@@:77JJ?^:^:~7?!^~~@@@@@@@@@@
@@@@@@@@@@@@@@@@@.~!?777?JJJJJ?7?~::::::::^?7777777?JJ77777???77!:@@@@@@@@.7JJJ!::^:~!!~!J^@@@@@@@@@
@@@@@@@@@@@@@@@.~?77!777JJ!^:.@^^::::::::::~J777777?JY!^~7??7777?J!@@@@@@@@:~77?^:^!~~^~~??.@@@@@@@@
@@@@@@@@@@@@@.^77!!!77?J!.@@@@^^::::::::::^:7?7777?JJJY~@@.^?77777J7@@@@@@@~!^:~~::^!7~^:~!^@@@@@@@@
@@@@@@@@@@@.~77!!!!77?J^@@@@@~^::::::::^^:::^?7777?JJJJY^@@.?777777Y7@@@@@.JJ?~:^:::^7?7^^:^:@@@@@@@
@@@@@@@@@.~7!!!7777?JJ.@@@@@:!::::::^^^^^^^^:!?777JJJJJJY.@@?777777?Y!@@@@@:!?!^:^:::^!J7~^:@@@@@@@@
@@@@@@@@@??!!!7?~~?YY:@@@@@@!^::::::^^^^^^^^^~J77?JJJJJJY7@@77777777?Y~@@@@@@.^::::::::!?!.@@@@@@@@@
@@@@@@@@!Y!^?JY7@~!^.@@@@@@@~:::::::::^^^^^^^^JJ?JJJJJJJJY:@77!77777?J5^@@@@@@:^::::~^:!?:@@@@@@@@@@
@@@@@@@~Y?:@^Y~7~^@@@@@@@@@.!::::::^^^^^^^^^^^7JJJJJJJJJJJ!.?!!!7777?JJY.@@@@@@.:^:~77~~:@@@@@@@@@@@
@@@@@@@!?:~.!!@..@@@@@@@@@@.7^^^:^^^^^^^^^^^^~!YJJJ??????JY!J!!??????JJY7@@@@@@@@@:J??@@@@@@@@@@@@@@
@@@@@@@@::!!J!@@@@@@@@@@@@:7J~^^^^^^^^^^:^:^~!!YJ?7777777?JJ5:.7JJ^@:7Y~7~@@@@@@@^??Y~@@@@@@@@@@@@@@
@@@@@@@@@@@...@@@@@@@@@@:!?7??^^^^^:^^:::^^~!!!Y?777777777??Y7.!@^~.~?!~~:@@@@@:!J?JJ@@@@@@@@@@@@@@@
@@@@@@@@@@@@@@@@@@@@@@:!?7777?7^^^^^^^^^~~~!!!7?77777777777?JYJY:~!~!~^:@@@@.^7JJJY?.@@@@@@@@@@@@@@@
@@@@@@@@@@@@@@@@@@@@.!?7777777JJ!~~~~!!!!!!!!!?777777777777?JJJ55YYJ7~~~~!7?JJJJYJ7.@@@@@@@@@@@@@@@@
@@@@@@@@@@@@@@@@@@@^?77777777?JJY?!~!!!!!!!!!!Y777777777777?JJJ55JJYYYYYYYJJJJYY?~@@@@@@@@@@@@@@@@@@
@@@@@@@@@@@@@@@@@@!?!777777?JJJJJYYJ7!!!!!!!!!J7777777777777JJJ5YJJJJJJJJYYYYJ?!:@@@@@@@@@@@@@@@@@@@
@@@@@@@@@@@@@@@@@@7?!!777??JJJJJJJJJYYJ?7777!!J7777!!7777777JJJ5JYYYYYYJJJJJ?!:@@@@@@@@@@@@@@@@@@@@@
@@@@@@@@@@@@@@@@@@:YJ???JJJJJJJJJJYJ7^:..:^~~~?J!77!~!77777?JJJY7???????77~:.@@@@@@@@@@@@@@@@@@@@@@@
@@@@@@@@@@@@@@@@@@@^YYJJYJJJJJJJJY~.@@@@@@@@@@@7J?7777777?JJJJJ5!!!!~^^:.@@@@@@@@@@@@@@@@@@@@@@@@@@@
@@@@@@@@@@@@@@@@@@@@JJJJJJJJJJJJYJ@@@@@@@@@@@@@@^7J??JJJJJJJJJJY.@@@@@@@@@@@@@@@@@@@@@@@@@@@@@@@@@@@
@@@@@@@@@@@@@@@@@@.^?7?JJJJJJJJJJ5.@@@@@@@@@@@@@@@^YJJJJJJJJJJJY7@@@@@@@@@@@@@@@@@@@@@@@@@@@@@@@@@@@
@@@@@@@@@@@@@@.:^~!???JJJJJJJYJJ?!.@@@@@@@@@@@@@@.~???JJJJJJJJJJY.@@@@@@@@@@@@@@@@@@@@@@@@@@@@@@@@@@
@@@@@@@@@@@@@^!7!^~!~^7YJJJ?7~:.@@@@@@@@@@@@@@@@.7?777JJYJJJJJYJY~@@@@@@@@@@@@@@@@@@@@@@@@@@@@@@@@@@
@@@@@@@@@@@@@..7^~?~~~^^:...@@@@@@@@@@@@@@@@@@@.~^~7?J~:!YYYY^^Y?:@@@@@@@@@@@@@@@@@@@@@@@@@@@@@@@@@@
@@@@@@@@@@@@@@@@@.^.@@@@@@@@@@@@@@@@@@@@@@@@@@@^!~:..!:^~~~^~~^!@@@@@@@@@@@@@@@@@@@@@@@@@@@@@@@@@@@@
@@@@@@@@@@@@@@@@@@@@@@@@@@@@@@@@@@@@@@@@@@@@@@@@@@@@@.!!:@@@@:~.@@@@@@@@@@@@@@@@@@@@@@@@@@@@@@@@@@@@,
6,
@@@@@@@@@@@@@@@@@@@@@@@@@@@@@@@@@@@@@@@@@@@@@@@@@@@@@@@@@@@@@@@@@@@@@@@@@@@@@@@@@@@@@@@@@@@@@@@@@@@@
@@@@@@@@@@@@@@@@@@@@@@@@@@@@@@@@@@@@@@@@@@@@@@@@@@@@@@@@@@@@@@@@@@@@@@@@@@@@@@@@@@@@@@@@@@@@@@@@@@@@
@@@@@@@@@@@@@@@@@@@@@@@@@@@@@@@@@@@@@@@@@@@@@@@@@@@@@@@@@@@@@@@@@@@@@@@@@@@@@@@@@@@@@@@@@@@@@@@@@@@@
@@@@@@@@@@@@@@@@@@@@@@@@@@@@@@@@@@@@@@@@@@@@@@@@@@@@@@@@@@@@@@@@@@@@@@@@@@@@@@@@@@@@@@@@@@@@@@@@@@@@
@@@@@@@@@@@@@@@@@@@@@@@@@@@@@@@@@@@@@@@@@@@@@@@@@@@@@@@@@@@@@@@@@@@@@@@@@@@@@@@@@@@@@@@@@@@@@@@@@@@@
@@@@@@@@@@@@@@@@@@@@@@@@@@@@@@@@@@@@@@@@@@@@@@@@@@@@@@@@@@@@@@@@@@@@@@@@@@@@@@@@@@@@@@@@@@@@@@@@@@@@
@@@@@@@@@@@@@@@@@@@@@@@@@@@@@@@@@@@@@@@@@#&@@@@@@@@@@@@@@@@@@@@@@@@@@@@@@@@@@@@@@@@@@@@@@@@@@@@@@@@@
@@@@@@@@@@@@@@@@@@@@@@@@@@@@@@@@@@@@@P55??!JG##&##&@@@@@@@@@@@@@@@@@@@@@@@@@@@@@@@@@@@@@@@@@@@@@@@@@
@@@@@@@@@@@@@@@@@@@@@@@@@@@@@@@@&@@@@?~!??77!!!?J7JP&@@@@@@@@@@@@@@@@@@@@@@@@@@@@@@@@@@@@@@@@@@@@@@@
@@@@@@@@@@@@@@@@@@@@@@@@@@@@@@BY5&@@@&???????????????5G&@@@@@@@@@@@@@@@@@@@@@@@@@@@@@@@@@@@@@@@@@@@@
@@@@@@@@@@@@@@@@@@@@&BBBGPP55YJG@@@@@@P!77???????JJ??JJJYPB&@@@@@@@@@@@@@@#JG@@@@@@@@@@@@@@@@@@@@@@@
@@@@@@@@@@@@@@@@@@#Y??JJYYY5J?G@@@@@@@@BY?77777?????7G@&BPYG@@@@@@@@@@@@@@@G?P&@@@@@@@@@@@@@@@@@@@@@
@@@@@@@@@@@@@@@&B5YYYYYYJJYGGYY@@@@@@@@@@@#BG5Y??????J#@@@@@@@@@@@@@@@@@@@@@YJYPB&@@@@@@@@@@@@@@@@@@
@@@@@@@@@@@&BGP5YYJJJJJJJJ5P5PJG@@@@@@@@@@@@@@@57????7G@@@@@@@@@@@@@@@@@@@@P5GGP555P#@@@@@@@@@@@@@@@
@@@@@@@@@@PJ5YYJJJJJJJJJJJPPYY5?B@@@@@@@@@@@@@@&?7?????&@@@@@@@@@@@@@@@@@&PPGGGGPP5JYB@@@@@@@@@@@@@@
@@@@@@@@@GJPYJJJJJJJJJJJJYP5JJ5Y?&@@@@@@@@@@@@@@5!????75@@@@@@@@@@@@@@@@B5PPPPPPP5JJYYP#@@@@@@@@@@@@
@@@@@@@@PY5JJJJJJJJJJJJJJY5YYJJ5JY#&@@@@@@@@@@@@G!!7????#@@@@@@@@@@@@@@GYPP55PPPPYJJJJYYPG#&@@@@@@@@
@@@@@@@5Y5JJJJJJJJJJJJJJJYY5YJJY5Y5Y5G#&@@@@@@@@B!!!7??75@@@@@@@@@@@@&PYGP5JY5PPP5JJJJJJJY5YB@@@@@@@
@@@@@#Y55JJJJ5PGBBBG5JJJJJ55JYJYYYPGGPPPPG#@@@@@B!!!!7?7?&@@@@@@@&#G5YYGP5JJJPPPP5JJJJJJJJY55&@@@@@@
@@@@@JPGYJYG&@@@@@@@@#5JJJPYYYYJJYYPGGGGGP55GGB@G!!!!!7?7P@BGGGPP55PPGGGPJJJJPPPPPYJJJJJJJJJPP@@@@@@
@@@@&JGPPB@@@@@@@@@@@@@BJYPYYYY555PPGGGGGGGPJ??P7!!!!!!7?JGJJYPGGGGGGGGG5JJJYGPPPGG5JJJJJJJJP5#@@@@@
@@@@#YGG&@@@@@@@@@@@@@@@#5PYPB&&@@@#PYYYJJ?7!!!!?!~~!!!!!7???J55555YPBBG5JJJ5GPPB&@@&G5YJJJYPPG@@@@@
@@@@&YG&@@@@@@@@@@@@@@@@@#YB@@@@@#57!JYYJ??777!!!!^~!!!!!!7?777??J?~!Y&@@BYJPPG#@@@@GY5&B5Y5PGP@@@@@
@@@@@PB@@@@@@@@@@@@@@@@@@@&@@&#B5!!Y#@@@@#GY??7!!~^~~~~~~!7??PB&@@@BJ!!5#@&5PB&@@@@&JJ7!B@#GPG5&@@@@
@@@@@&B@@@@@@@@@@@@@@@@@@@@#5J7!~~7B@@@@@G7!7!!~::.......:~7?5@@@@@@@5~~!?JGB@@@@@@@Y?^.G@@&GGY&@@@@
@@@@@@@@@@@@@@@@@@@@@@@@@@@55#7!YY!!#@@&Y!!!7!^....:......:~!?B@@@@@P!77!!J??B@@@@@@J!!!:Y@@#GJ#@@@@
@@@@@@@@@@@@@@@@@@@@@@@@@@@@@#JP@@5Y&@#?!!!7~:::.::::::...^~~~?#@@@@PJ&&J!B@B&@@@@#7:^7?J#@@&PY@@@@@
@@@@@@@@@@@@@@@@@@@@@@@@@@@@@@@@@@@@@B7!!!7^.:.....::::..:^~~~~5@@@@@@@@#B&@@@@@@@#?^::^JG#@@P&@@@@@
@@@@@@@@@@@@@@@@@@@@@@@@@@@@@@@@@@#Y7!!!!!!........::::::^~~~~^7#@@@@@@@@@@@@@@@@@?^7^..~~7#@&@@@@@@
@@@@@@@@@@@@@@@@@@@@@&#GPPPPPGGB#5!~!!!!!7!::..:::::::::^~~~~~~!YP&@@@@@@@@@@@@@@@P..:...~Y@@@@@@@@@
@@@@@@@@@@@@@@@@@@@B5J???JJJJJJJ7~~!!!!!!7?~^^^:::::::^~~~~~~~~7?77YB@@@@@@@@@@@@@P!~~7?P&@@@@@@@@@@
@@@@@@@@@@@@@@@@@#Y?????JJJJ?JJ!~^!!!!!!7??~~~~~~~^~~~~~~~~~~~~?!!!!7Y#@@@@@@@@@@@@&GB&@@@@@@@@@@@@@
@@@@@@@@@@@@@@@@P????????????Y7!^~!!!!!7?J7^~~~~~~~~~~~~~~~~~~7!!!!!!!!Y&@@@@@@@&B55#@@@@@@@@@@@@@@@
@@@@@@@@@@@@@@@P???????JJJJJYJ?7!!!!77???!~~~~~~~~~~~~~~~^~~!?7!!!!!!!!~Y#BGGP5YJJG@@@@@@@@@@@@@@@@@
@@@@@@@@@@@@@@@PJJJJJJJJYYJJY???77????J7!~~~~~~~~~^^^~~~!?JJJ??77!!!77!7JJ???JY5G&@@@@@@@@@@@@@@@@@@
@@@@@@@@@@@@@@@@GJ??JJ?????JJ???????J7!!!!!77777?JY5YYJJJJJJJJJJ??777???YY5PB#@@@@@@@@@@@@@@@@@@@@@@
@@@@@@@@@@@@@@@@@&GY??7????J????????Y555PGGBB#&&@@@@@@&&#BBGGPPGJ7??????5&@@@@@@@@@@@@@@@@@@@@@@@@@@
@@@@@@@@@@@@@@@@@@@@&&##&&#7!7??7??7G@@@@@@@@@@@@@@@@@@@@@@@@@@@BYJJ7!?7!JP&@@@@@@@@@@@@@@@@@@@@@@@@
@@@@@@@@@@@@@@@@@@@@@@@@@@B:?J:7Y7^P@@@@@@@@@@@@@@@@@@@@@@@@@@@@@@@&#5PB5JB&@@@@@@@@@@@@@@@@@@@@@@@@
@@@@@@@@@@@@@@@@@@@@@@@@@@#G@B?#@#J&@@@@@@@@@@@@@@@@@@@@@@@@@@@@@@@@@@@@@@@@@@@@@@@@@@@@@@@@@@@@@@@@
@@@@@@@@@@@@@@@@@@@@@@@@@@@@@@@@@@@@@@@@@@@@@@@@@@@@@@@@@@@@@@@@@@@@@@@@@@@@@@@@@@@@@@@@@@@@@@@@@@@@
@@@@@@@@@@@@@@@@@@@@@@@@@@@@@@@@@@@@@@@@@@@@@@@@@@@@@@@@@@@@@@@@@@@@@@@@@@@@@@@@@@@@@@@@@@@@@@@@@@@@
@@@@@@@@@@@@@@@@@@@@@@@@@@@@@@@@@@@@@@@@@@@@@@@@@@@@@@@@@@@@@@@@@@@@@@@@@@@@@@@@@@@@@@@@@@@@@@@@@@@@
@@@@@@@@@@@@@@@@@@@@@@@@@@@@@@@@@@@@@@@@@@@@@@@@@@@@@@@@@@@@@@@@@@@@@@@@@@@@@@@@@@@@@@@@@@@@@@@@@@@@
@@@@@@@@@@@@@@@@@@@@@@@@@@@@@@@@@@@@@@@@@@@@@@@@@@@@@@@@@@@@@@@@@@@@@@@@@@@@@@@@@@@@@@@@@@@@@@@@@@@@
@@@@@@@@@@@@@@@@@@@@@@@@@@@@@@@@@@@@@@@@@@@@@@@@@@@@@@@@@@@@@@@@@@@@@@@@@@@@@@@@@@@@@@@@@@@@@@@@@@@@
@@@@@@@@@@@@@@@@@@@@@@@@@@@@@@@@@@@@@@@@@@@@@@@@@@@@@@@@@@@@@@@@@@@@@@@@@@@@@@@@@@@@@@@@@@@@@@@@@@@@,
7,
@@@@@@@@@@@@@@@@@@@@@@@@@@@@@@@.::^~!!!!!!77!!~^:.@@@@@@@@@@@@@@@@@@@@@@@@@@@@@@@@@@@@@@@@@@@@@@@@@@
@@@@@@@@@@@@@@@@@@@@@@@@@@@.^~!!!~~^^~~~~~~!!!!!777!^.@@@@@@@@@@@@@@@@@@@@@@@@@@@@@@@@@@@@@@@@@@@@@@
@@@@@@@@@@@@@@@@@@@@@@@@.^77~^:::^^^~~~!!!!!!!!!!!!!77!^@@@@@@@@@@@@@@@@@@@@@@@@@@@@@@@@@@@@@@@@@@@@
@@@@@@@@@@@@@@@@@@@@@@@!7?!^:^^^^~~!!!!!!!!!!!!!!!!!!!7??^@@@@@@@@@@@@@@@@@@@@@@@@@@@@@@@@@@@@@@@@@@
@@@@@@@@@@@@@@@@@@@@@.JJ77~~~~~!!!!!!!!!!!7777777~!777777?7:@@@@@@@@@@@@@@@@@@@@@@@@@@@@@@@@@@@@@@@@
@@@@@@@@@@@@@@@@@@@@@^JJ7!!!!!!!!!!!!!!!!^~5?...?G777777777?~@@@@@@@@@@@@@@@@@@@@@@@@@@@@@@@@@@@@@@@
@@@@@@@@@@@@@@@@@@@@:5~?!!!!!!!!!!!!!!!!~!G@Y:.:J&Y777777777J~@@@@@@@@@@@@@@@@@@@@@@@@@@@@@@@@@@@@@@
@@@@@@@@@@@@@@@@@@@:YBB!!!!!!!!!!!!!!!!!!G&&@&#B#B57777??7??7Y^@@@@@@@@@@@@@@@@@@@@@@@@@@@@@@@@@@@@@
@@@@@@@@@@@@@@@@@@@75#Y~!!!!!!!!!!!!!!!~?#&@@@&P5JJ?7????????JJ@@@@@@@@@@@@@@@@@@@@@@@@@@@@@@@@@@@@@
@@@@@@@@@@@@@@@@@@@YJP!~!!!!!!!!!!!!!!!~5BG&&B5?J~J???????????Y.@@@@@@@@@@@@@@@@@@@@@@@@@@@@@@@@@@@@
@@@@@@@@@@@@@@@@@.7?J7~!!!!!!!!!!!!!!!!~J5JYY??J!~J???????????Y:@@@@@@@@@@@@@@@@@@@@@@@@@@@@@@@@@@@@
@@@@@@@@@@@@@@@@@J!~~~!!!7!!!~!~~~~~~~~~~!7777??!?????????????5:@@@@@@@@@@@@@@@@@@@@@@@@@@@@@@@@@@@@
@@@@@@@@@@@@@@@@@YJJ7!!!!!!7?????77777!!!!!~~~~!7???J????????JJ@@@@@@@@@@@@@@@@@@@@@@@@@@@@@@@@@@@@@
@@@@@@@@@@@@@@@@@^JJJJ???JJJJJ?JJJJJJJJJJJJJJJJJJJJYJ????????5:@@@@@@@@@@@@@@@@@@@@@@@@@@@@@@@@@@@@@
@@@@@@@@@@@@@@@@@@:JJ??J????????????????????????????????????5~@@@@@@@@@@@@@@@@@@@@@@@@@@@@@@@@@@@@@@
@@@@@@@@@@@@@@@@@@@@~?J???????????????????????????????????JJJ:@@@@@@@@@@@@@@@@@@@@@@@@@@@@@@@@@@@@@@
@@@@@@@@@@@@@@@@@@@@@@~??7777???????????????????????????JY?:J?~@@@@@@@@@@@@@@@@@@@@@@@@@@@@@@@@@@@@@
@@@@@@@@@@@@@@@@@@@@@@@.~?YJ?777??????????????????????YY?!^75?JJ~@@@@@@@@@@@@@@@@@@@@@@@@@@@@@@@@@@@
@@@@@@@@@@@@@@@@@@.:^!!777J55JJJJJ???????????????JJY5Y5Y?J?Y5???J7.@@@@@@@@@@@@@@@@@@@@@@@@@@@@@@@@@
@@@@@@@@@@@@@.^~!7?77!!~!??!~!!77??JJJJJJJJJJJJYPY?!!77???JYG5JJ??J^@@@@@@@@@@@@@@@@@@@@@@@@@@@@@@@@
@@@@@@@@@@:!?7!~~~~~~!~!?!^^^^~~!!!!!!!!!777!7JJ!^^~~~!77????55JYYJJ~@@@@@@@@@@@@@@@@@@@@@@@@@@@@@@@
@@@@@@.^!77!~^^~!!!!!~?5!^::::::^~!!!!!!!!!!75?~^^^~~~~!77????PY?JYYY!@@@@@@@@@@@@@@@@@@@@@@@@@@@@@@
@:?!!!777!~~~~!!!!!!!?7^~~~~^^::::^^~~!~!!!757~^^~~~!!!!!7????JP???JJG^@@@@@@@@@@@@@@@@@@@@@@@@@@@@@
@.???????!!!!!~~~!!~?7:::::^~~~~!!77!~~~!!757~!~~!!!!!!!!7????YPY?????Y:@@@@@@@@@@@@@@@@@@@@@@@@@@@@
@@.5??J5!7!~~~~~~~~?J:^:::::::::^^7Y~~~~~~5?~~!!!!!!!!!!77777?P!5???77?J@@@@@@@@@@@@@@@@@@@@@@@@@@@@
.!?????JJY?7!!!!~~!5^:::::::::::^^?7:::::!Y~!7??Y!!!!!!777777Y?^5??7!7!Y.@@@@@@@@@@@@@@@@@@@@@@@@@@@
^Y??JJ????JJJJ????5P!:::::::::::^:J~:^^^^Y7~??77Y?~!!777777?Y7~~5??77!!J~@@@@@@@@@@@@@@@@@@@@@@@@@@@
@@.....::^^~~~^^^:Y~J~:::::::^^^:^J^^^^~??!!77???7!????J7?5J!~:!Y???7!!?~@@@@@@@@@@@@@@@@@@@@@@@@@@@
@@@@@@@@@@@@@@@@@@J^~?^:::^:^^^^:~J^::!5????????????77J5JY5~~~.YJ???7!7J~@@@@@@@@@@@@@@@@@@@@@@@@@@@
@@@@@@@@@@@@@@@@@@J^:~?^^^^::::::!7:::~7!!7?JJJJJJJJJJJ7!?7~!^^PJ???77?5^@@@@@@@@@@@@@@@@@@@@@@@@@@@
@@@@@@@@@@@@@@@@@@!~:~Y~!!77!!!~~?7^^^^^^^^^^~~?Y7777!!!!J7~!:~PJJ????YB.@@@@@@@.:^~!!777!!~:@@@@@@@
@@@@@@@@@@@@@@@@@@:?:J~^^^^^^~~~~Y?!7!!777!!!!!Y!^!!!!!!!?J~!^^5JJJ?J55Y@@@@@.~77777!!!!!!77??7^@@@@
@@@@@@@@@@@@@@@@@@!PJ7:^^^^^^^^^^J!:^^^^^^^^^^^~??!!!!!!!!P7~~^5YJY55Y5^@@@:!?7!!!!!!!!!!!!!???J?.@@
@@@@@@@@@@@@@@@@:?7!P~:^:^^^^^^^^?!^^^^^^^^^^^~~!7J??????7JY77~!P55YJYJ@@@!J7!!!!!!!!!!!77???????J:@
@@@@@@@@@@@@@@@~?~~~!J~:^^^:^::^^?!:^^^^^^^^~!!!!7JJ!!!~~!~!!7?755JJJ5.@:?J77777777777????????????J.
@@@@@@@@@@@@@@!J^^^^~!J7^^^^^^:::77:::^^^~~!!!!!J?!~~~!!!!!!!~!?YGJJY::?J??????????YYYYYYYJ???????Y~
@@@@@@@@@@@@@^J^^^^^~~!?J7~~~~^^^?Y^~~~!!!!!!!!Y7~~!!!!!!!!!!!!!7GYY!!JJ?????????YYJ??????JJ??????Y~
@@@@@@@@@@@@@Y~^^^^~~!!~7YJ777????????7!!!!!!!Y7~!!!!!!!!!!~~~~~!JBJ????????????J57???????????????Y:
@@@@@@@@@@@@^5^^^~~~!!!77??YY7!!!!!!!7?????7!5J~!!!!!!!!!!!!!!!~!75J???????????75Y???????????????J?@
@@@@@@@@@@@@~5~~~!!!!!77?????JJJ?7!!!!!!!!777YY~!!!~~^~~!!!!!!!~!7YY????????????J5??????????????JJ@@
@@@@@@@@@@@@:5!!!7777?????????Y?^^~!!!77777???PY~!!!~^^~!!!!!!~!77Y5?????????????JYYJ?????????JJ7@@@
@@@@@@@@@@@^7Y7777???????????Y~@@@@@@@....:~!!!?J!!!!~~!!!!!!!!7??J5???????????????JYYYJJJJYJ?~.@@@@
@@@@@@@@@:J???!77??????????JY7@@@@@@@@@@@@@@@@@@!J!!!!!!!!!!!77???YY!7???JJJJJJJJJJJJJYYYY?!:@@@@@@@
@@@@@@@@@..!P77?J?7??JJJJ?7!^@@@@@@@@@@@@@@@@@@@@?Y???????????????Y!@@@@..:^^~~!!!!!!~^:.@@@@@@@@@@@
@@@@@@@@@@@^^:::5???7!^:.@@@@@@@@@@@@@@@@@@@@@@@@.Y???????????????Y!@@@@@@@@@@@@@@@@@@@@@@@@@@@@@@@@
@@@@@@@@@@@@@@@@^^.@@@@@@@@@@@@@@@@@@@@@@@@@@@@@@@??7???????????????@@@@@@@@@@@@@@@@@@@@@@@@@@@@@@@@
@@@@@@@@@@@@@@@@@@@@@@@@@@@@@@@@@@@@@@@@@@@@@@@@@@~J77777?7!7YJ?777Y!@@@@@@@@@@@@@@@@@@@@@@@@@@@@@@@
@@@@@@@@@@@@@@@@@@@@@@@@@@@@@@@@@@@@@@@@@@@@@@@@@@@..@@@@:!7J?.@@@.:@@@@@@@@@@@@@@@@@@@@@@@@@@@@@@@@,
8,

@@@@@@@@@@@@@@@@@@@@@@@@@@@@@@@@@@@@@@@@@@@@@@@@@@@@@@@@@@@@@@@@@@@@@@@@@@@@@@@@@@@@@@@@@@@@@@@@@@@@
@@@@@@@@@@@@@@@@@@@@@@@@@@@@@@@@@@@@@@@@@@@@@@@@@@@@@@@@@@@@@@@@@@@@@@@@@@@@@@@@@@@@@@@@@@@@@@@@@@@@
@@@@@@@@@@@@@@@@@@@@@@@@@@@@@@@@@@@@@@@@@@@@@@@@@@@@@@@@@@@@@@@@@@@@@@@@@@@@@@@@@@@@@@@@@@@@@@@@@@@@
@@@@@@@@@@@@@@@@@@@@@@@@@@@@@@@@@@@@@@@@@@@@@@@@@@@@@@@@@@@@@@@@@@@@@@@@@@@@@@@@@@@@@@@@@@@@@@@@@@@@
@@@@@@@@@@@@@@@@@@@@@@@@@@&@@@@@@@@@@@@@@@@@@@@@@@@@@@@@@@@@@@@@@@@@@@@@@@@@@@@@@@@@@@@@@@@@@@@@@@@@
@@@@@@@@@@@@@@@@@@@@@@@@&!:5@@@@@@@@@@@@@@@@@@@@@@@@@@@@@@@@@@#B&@@@@@@@@@@@@@@@@@@@@@@@@@@@@@@@@@@@
@@@@@@@@@@@@@@@@@@@@@@@@7@..J@@@@@@@@@@@@@@@@@@@@@@@@@@@@@&P?~^.J@@@@@@@@@@@@@@@@@@@@@@@@@@@@@@@@@@@
@@@@@@@@@@@@@@@@@@@@@@@P..:^@P@@@@@@@@@@@@@@@@@@@@@@@@@@G?~::::!#@@@@@@@@@@@@@@@@@@@@@@@@@@@@@@@@@@@
@@@@@@@@@@@@@@@@@@@@@@5~..:!:^&@@@@@@@@@@@@@@@@@@@@@@@G!:^^^^^!#@@@@@@@@@@@@@@@@@@@@@@@@@@@@@@@@@@@@
@@@@@@@@@@@@@@@@@@@@@@?@.:^^7.5@@@@@@@@@@@@@@@@@@@@@#7:^~^:^^!~Y@@@@@@@@@@@@@@@@@@@@@@@@@@@@@@@@@@@@
@@@@@@@@@@@@@@@@@@@@@@Y@.:^:?:7@@@&BGP5YYYYYPG#&@@@P:^^^:^::::@5@@@@@@@@@@@@@@@@@@@@@@@@@@@@@@@@@@@@
@@@@@@@@@@@@@@@@@@@@@@&^.:^:7^!B5?!!~~~~~~~~~~~7YBJ@^!::::::..^&@@@@@@@@@@@@@@@@@@@@@@@@@@@@@@@@@@@@
@@@@@@@@@@@@@@@@@@@@@@&P.::^J?7~~~!!!!~~!!~~~~~~!7.:!:::::::.^#@@@@@@@@@@@@@@@@@@@@@@@@@@@@@@@@@@@@@
@@@@@@@@@@@@@@@@@@@@@B^!~.~7~:^~~~~!!~~~~~~~~~~~?~.~~::::::.7&@@@@@@@@@@@@@@@@@@@@@@@@@@@@@@@@@@@@@@
@@@@@@@@@@@@@@@@@@@@@&!.:!7^:^~~~~~~~~~~~~~~~~!~?^.7::::::^P@@@@@@@@@@@@@@@@@@@@@@@@@@@@@@@@@@@@@@@@
@@@@@@@@@@@@@@@@@@@@@@&J7J^~~~~~~~~~~~~~~~~~~~~~!7:::::::.G@@@@@@@@@@@@@@@#BPPPPG#@@@@@@@@@@@@@@@@@@
@@@@@@@@@@@@@@@@@@@@@@@@&!7!~~~~~~~~~~~~!!!~~!?7~7?~^:::^J@@@@@@@@@@@@@#Y~:..::::^!5@@@@@@@@@@@@@@@@
@@@@@@@@@@@@@@@@@@@@@@@@&!?7!~~~~~~~~~~~~~!!Y~:7!7?JJ??JY@@@@@@@@@@@@#7.@..:^~~~^::.!&@@@@@@@@@@@@@@
@@@@@@@@@@@@@@@@@@@@@@@@@Y!:?7!!~~~~~!!~7JG7P?@.7?????JY:B@@@@@@@@@@P:@..::~!~~~^^^:.Y@@@@@@@@@@@@@@
@@@@@@@@@@@@@@@@@@@@@@@@@#!:YBY!~~~~~!7!!!G#&Y@@J?????Y7^JPB@@@@@@@B:.::^^:!7::^^^:::5@@@@@@@@@@@@@@
@@@@@@@@@@@@@@@@@@@@@@@@@#!~!PP~~~~~~~~~~~?5G?@^YJJ??J577J??J5PGB#&Y^^^::^^:77~^^~!JG@@@@@@@@@@@@@@@
@@@@@@@@@@@@@@@@@@@@&#BP5Y??~!?~~~~~~~~~~~~7?77JY5YJYJ?!~~~~~~~~~!!!777?7^:^:7??!!~P@@@@@@@@@@@@@@@@
@@@@@@@@@@@@@@&&BPJ7!~^^~~7J?J777~!7!!!!!!77?JY?YYJJ5??7!!!!!!!!!!~~~!?::J7^:!7^^:::P@@@@@@@@@@@@@@@
@@@@@@@@@@@@&P:^7~~~~~~~~~~~7JYYJJJJJJ???JJJJY5Y?!~~5???7!!!!!!!!~~~77Y?:??Y^7!^^^^:~&@@@@@@@@@@@@@@
@@@@@@@@@@@B~?!?!!7!~~~!!!7???J::^~75GGGPGGBG57~^^~^7Y??J???7777!!!J!:!5Y7!~^?~!!!~!~P@@@@@@@@@@@@@@
@@@@@@@@@@@&GG5Y7~^J77???????J7......~?5PY?!:........~JJJ??J??J??JJY5?~~^:::!?~:::^:::?#@@@@@@@@@@@@
@@@@@@@@@@@@@@@&G55YJJJ?????7Y~.........7:............:7JJJJJJ?YYJJJY:^:^^^!!?^.:~~7::.~#@@@@@@@@@@@
@@@@@@@@@@@@@@@@@@@@@&&##BBBB#!@........!~..............^!!~J!.?J???5^:^^^!!:^7~^^^!:::.Y@@@@@@@@@@@
@@@@@@@@@@@@@@@@@@@@@@@@@@@@@@?@........^7.............:^~~~J!^75J??5~:^^~^:^^^~~~^:::::Y@@@@@@@@@@@
@@@@@@@@@@@@@@@@@@@@@@@@@@@@@@B^:........7:...........:^!!77J?^~YYJ?G7^^^^^^^^:^::::::^:B@@@@@@@@@@@
@@@@@@@@@@@@@@@@@@@@@@@@@@@@@@@?.^^^^^^::!7.:::::^^^^~!!!!~~^?7~~?YJG!^^^^^^^:~~:::::::5@@@@@@@@@@@@
@@@@@@@@@@@@@@@@@@@@@@@@@@@@@@@&!@..:::^^^?!:^^^^::::^~~~~~!7JYJJ??P5~^^^^^^^~~::^^^:~P@@@@@@@@@@@@@
@@@@@@@@@@@@@@@@@@@@@@@@@@@@@@BJ?7........:7.......:^~~~~!?JJ????JJ5Y^^^~~~~~^^^^^::?#@@@@@@@@@@@@@@
@@@@@@@@@@@@@@@@@@@@@@@@@@@@&J~~~7?^.......^?:...:^~~~~~7JJJJJJJJ???YJ!~~~^^^^:::^?B@@@@@@@@@@@@@@@@
@@@@@@@@@@@@@@@@@@@@@@@@@@@B!~~~!!7?7^....^~!~~~!!!~~~~7J7777?????J??YY~^^::::~?P&@@@@@@@@@@@@@@@@@@
@@@@@@@@@@@@@@@@@@@@@@@@@@#!~~~!77777JJ777~^^^~~~!!!777Y~!!!~~!!!!7???JY~~7J5B&@@@@@@@@@@@@@@@@@@@@@
@@@@@@@@@@@@@@@@@@@@@@@@@@G7!!!77???JYYYY55J7!~~~^^^^~~?J!!~~^~!~~~!7J?JB@@@@@@@@@@@@@@@@@@@@@@@@@@@
@@@@@@@@@@@@@@@@@@@@@@@@@@BJJJJJJJJJYYJYB@@@@&#BGGGGGB###G!~^^~~~~!7?J??Y&@@@@@@@@@@@@@@@@@@@@@@@@@@
@@@@@@@@@@@@@@@@@@@@@@@@@&PJJJJJJJJJJJG@@@@@@@@@@@@@@@@@@@#J77777???J????P@@@@@@@@@@@@@@@@@@@@@@@@@@
@@@@@@@@@@@@@@@@@@@@@@@@@GGBY?JJYYJJY#@@@@@@@@@@@@@@@@@@@@@&Y?JJJJJ???????#@@@@@@@@@@@@@@@@@@@@@@@@@
@@@@@@@@@@@@@@@@@@@@@@@@@@@@#PB#&&GG&@@@@@@@@@@@@@@@@@@@@@@@5????77???JY?7?&@@@@@@@@@@@@@@@@@@@@@@@@
@@@@@@@@@@@@@@@@@@@@@@@@@@@@@@@@@@@@@@@@@@@@@@@@@@@@@@@@@@@@GB#&#PJ?YB@@&#B&@@@@@@@@@@@@@@@@@@@@@@@@
@@@@@@@@@@@@@@@@@@@@@@@@@@@@@@@@@@@@@@@@@@@@@@@@@@@@@@@@@@@@@@@@@@@&@@@@@@@@@@@@@@@@@@@@@@@@@@@@@@@@
@@@@@@@@@@@@@@@@@@@@@@@@@@@@@@@@@@@@@@@@@@@@@@@@@@@@@@@@@@@@@@@@@@@@@@@@@@@@@@@@@@@@@@@@@@@@@@@@@@@@
@@@@@@@@@@@@@@@@@@@@@@@@@@@@@@@@@@@@@@@@@@@@@@@@@@@@@@@@@@@@@@@@@@@@@@@@@@@@@@@@@@@@@@@@@@@@@@@@@@@@
@@@@@@@@@@@@@@@@@@@@@@@@@@@@@@@@@@@@@@@@@@@@@@@@@@@@@@@@@@@@@@@@@@@@@@@@@@@@@@@@@@@@@@@@@@@@@@@@@@@@
@@@@@@@@@@@@@@@@@@@@@@@@@@@@@@@@@@@@@@@@@@@@@@@@@@@@@@@@@@@@@@@@@@@@@@@@@@@@@@@@@@@@@@@@@@@@@@@@@@@@,
9,

@@@@@@@@@@@@@@@@@@@@@@@@@@@@@@@@@@@@@@@@@@@@@@@@@@@@@@@@@@@@@@@@@@@@@@@@@@@@@@@@@@@@@@@@@@@@@@@@@@@@
@@@@@@@@@@@@@@@@@@@@@@@@@@@@@@@@@@@@@@@@@@@@@@@@@@@@@@@@@@@@@@@@@@@@@@@@@@@@@@@@@@@@@@@@@@@@@@@@@@@@
@@@@@@@@@@@@@@@@@@@@@@@@@@@@@@@@@@@@@@@@@@@@@@@@@@@@@@@@@@@@@@@@@@@@@@@@@@@@@@@@@@@@@@@@@@@@@@@@@@@@
@@@@@@@@@@@@@@@@@@@@@@@@@@@@@@@@@@@@@@@@@@@@@@@@@@@@@@@@@@@@@@@@@@@@@@@@@@@@@@@@@@@@@@@@@@@@@@@@@@@@
@@@@@@@@@@@@@@@@@@@@@@@@@@@@@@@@@@@@@@@@@@@@@@@@@@@@@@@@@@@@@@@&&@@@@@@@@@@@@@@@@@@@@@@@@@@@@@@@@@@@
@@@@@@@@@@@@@@@@@@@@@@@@@@@@@@@@@@@@@@@@@@@@@@@@@@&#BBBGY?J?J5J77JP&@@@@@@@@@@@@@@@@@@@@@@@@@@@@@@@@
@@@@@@@@@@@@@@@@@@@@@@@@@@@@@@@@@@@@@@@@@@@@@@@@PYG5?7!!!!??77??J?JPGPPPB@@@@@@@@@@@@@@@@@@@@@@@@@@@
@@@@@@@@@@@@@@@@@@@@@@@@@@@@@@@@@@@@@@@@@@@@@@@@#?G@#?!77?557!??77!7?J??J5@@@@@@@@@@@@@@@@@@@@@@@@@@
@@@@@@@@@@@@@@@@@@@@@@@@@@@@@@@@@@@@@@@@@@@@@@@@@B?57!7777777!!!77??JYJJJJ#@@@@@@@@@@@@@@@@@@@@@@@@@
@@@@@@@@@@@@@@@@@@@@@@@@@@@@@@@@@@@@@@@@@@@@@@@@@@J!!7!!7?J?????JJJ??7!!!G@@@@@@@@@@@@@@@@@@@@@@@@@@
@@@@@@@@@@@@@@@@@@@@@@@@@@@@@@@@@@@@@@@@@@@@@@@@@#7777?J7!???????7!!~~!~!&@@@@@@@@@@@@@@@@@@@@@@@@@@
@@@@@@@@@@@@@@@@@@@@@@&&&@@@@@@@@@@@@@@@@@@@&#BPJ7!!!!!!~!!!~~~~~~~!!~^~B@@@@@@@@@@@@@@@@@@@@@@@@@@@
@@@@@@@@@@@@@@@@@@@@B7~~^!P@@@@@@@@@@@&BPJ?7!~~~~!!!!7????!!!!!!~~~~^!5&@@@@@@@@@@@@@@@@@@@@@@@@@@@@
@@@@@@@@@@@@@@@@@@@&:.^^^::7#@&#B&@#PY?7!!!!!!777????J????55YJ7!!7?5B@@@@&#BB&@@@@@@@@@@@@@@@@@@@@@@
@@@@@@@@@@@@@@@@@@@@Y::^^:^~J5JJ55Y?7777777?JYJ7??7777?J?JP5PP5J~Y&G5J7!^:.@?Y#@@@@@@@@@@@@@@@@@@@@@
@@@@@@@@@@@@@@@@@@@@@B~.^7JJJJJ?7!!!!!!!!!7?JY7!77!!!7JJJ555GP5P5?~@@@@@@@@.P#?@@@@@@@@@@@@@@@@@@@@@
@@@@@@@@@@@@@@@@@@@@@@@PJJJYY?7!!!!77!7???JJY??J?777??JJYP5P???77?^.::::^^^^7&7#@@@@@@@@@@@@@@@@@@@@
@@@@@@@@@@@@@@@@@@@@@@&PYY5Y??7!777???JJJJJJ5JJJ??JJJJJJ5PP5?JJ??JJ~~~^^^^^^:!J@@@@@@@@@@@@@@@@@@@@@
@@@@@@@@@@@@@@@@@@@@@&P5PYJJJ7!7??JJJJJ?JJJJ5YYYJJJJJJJJP5PJ?YYJ?~~!?7!!!7?5B&@@@@@@@@@@@@@@@@@@@@@@
@@@@@@@@@@@@@@@@@@@@BGPPYJJJ777JJJJJJJJJJYY55PP55YYYYYY555GPY77~^^^?YJ7777J~7P&@@@@@@@@@@@@@@@@@@@@@
@@@@@@@@@@@@@@@@@@@575GY?JJJ??JJJJJJJJJY555555PP55555555P5P&?:::^:!Y?J?7!7?!~^!B@@@@@@@@@@@@@@@@@@@@
@@@@@@@@@@@@@@@@@@BJYPJJJJJJJJJJJJYYY55555555PP555PPPPP55P5GJ.....?J??????777!!755&@@@@@@@@@@@@@@@@@
@@@@@@@@@@@@@@@@@@5YP5YYYYYYYYY55555YY55555PP555555555PP55PPP~:..:JJ???JYJ?777!!J?7B@@@@@@@@@@@@@@@@
@@@@@@@@@@@@@@@@@@#&G55555YYY55555YYYYY55P5555555555555555PPGY~::^JJJYYJ??JJJ??JYJ?JB@@@@@@@@@@@@@@@
@@@@@@@@@@@@@@@@@@@#Y55555555555Y555555P55555555555555555Y5GJ~~~^^Y5YJ????????JY??JY7Y@@@@@@@@@@@@@@
@@@@@@@@@@@@@@@@@@@G55555555555YY555PP555555555555YY555555Y!^^^!^^J775P55Y5YYYJJYPY~B#@@@@@@@@@@@@@@
@@@@@@@@@@@@@@@@@@#5P5P5PP5555555PPP5555555555YYYYY555555J~^^^^~!?!~^&@@@@@@&&&B&@@B@@@@@@@@@@@@@@@@
@@@@@@@@@@@@@@@@@@G5P555555555555G555555555YYYYYYY5555PY!^^^^^~77J?^5@@@@@@@@@@@@@@@@@@@@@@@@@@@@@@@
@@@@@@@@@@@@@@@@&5GP5555555555555PP55555555YYYYYYYY55Y!^:^^^^:7!~~J5@@@@@@@@@@@@@@@@@@@@@@@@@@@@@@@@
@@@@@@@@@@@@@@@&?!G555555555555555G55555555YYYY555Y7^.....::^!J77~5@@@@@@@@@@@@@@@@@@@@@@@@@@@@@@@@@
@@@@@@@@@@@@@@@J!!G555555555555555PP555PP55YYYY5J!:.......^!7???775#@@@@@@@@@@@@@@@@@@@@@@@@@@@@@@@@
@@@@@@@@@@@@@@G7775P555PPP555555555P5555555YY5Y!:.::::.:~?JJ?777?7!75@@@@@@@@@@@@@@@@@@@@@@@@@@@@@@@
@@@@@@@@@@@@@@5?J?YY5555P5PP55555555P5555555Y7:::::::.~?JJJJJJ???J77?5&@@@@@@@@@@@@@@@@@@@@@@@@@@@@@
@@@@@@@@@@@@@@Y??JJ:Y5YJ?77?JY555555GPPP5Y?!^^::::::^7JJJJJJJJJJJJY?J?P@@@@@@@@@@@@@@@@@@@@@@@@@@@@@
@@@@@@@@@@@@@@YJJJY:.:.....::^~7J55YYJ7!~^^^^^^^:.:~JJJJJJJJJJJJJJYJ??Y@@@@@@@@@@@@@@@@@@@@@@@@@@@@@
@@@@@@@@@@@@@@PJJYY?::~~77777!~^:^~^^^^^^^^^^^^^^~?YYJJJJJJJJJJJJJJYJJ5@@@@@@@@@@@@@@@@@@@@@@@@@@@@@
@@@@@@@@@@@@@@#YYYY5J!!!7!!?YYYJ?!~~^~~~!!!!!!!7YY5YYYYYYYYYYYYJJJY5JY#@@@@@@@@@@@@@@@@@@@@@@@@@@@@@
@@@@@@@@@@@@@@#!:~Y?~~!77?JYYYYYY5?!!!!!!~~~~~~7G5YYYYYYYYYYYYYYYYYPYB@@@@@@@@@@@@@@@@@@@@@@@@@@@@@@
@@@@@@@@@@@@@#~:!J!~!77?JYYYYYYYY5!~~!!77?JYPB#@@#YYYYYYYYYYYYYYYYYB&@@@@@@@@@@@@@@@@@@@@@@@@@@@@@@@
@@@@@@@@@@@@@&#G?!!!7?JYYJJJJJYP#&###&&@@@@@@@@@@@BYYY55YYYYYYYYYYPY5B@@@@@@@@@@@@@@@@@@@@@@@@@@@@@@
@@@@@@@@@@@@@@P7!7?JYJJJ???JYG&@@@@@@@@@@@@@@@@@@@P7!!7?JYYYYYYYY57^~~75@@@@@@@@@@@@@@@@@@@@@@@@@@@@
@@@@@@@@@@@@@#YY555YYYY5PG#&@@@@@@@@@@@@@@@@@@@@@J:^~~!7JBGBBB##&&GGPPBB@@@@@@@@@@@@@@@@@@@@@@@@@@@@
@@@@@@@@@@@@@@@@@@@@@@@@@@@@@@@@@@@@@@@@@@@@@@@@@&##&&@@@@@@@@@@@@@@@@@@@@@@@@@@@@@@@@@@@@@@@@@@@@@@
@@@@@@@@@@@@@@@@@@@@@@@@@@@@@@@@@@@@@@@@@@@@@@@@@@@@@@@@@@@@@@@@@@@@@@@@@@@@@@@@@@@@@@@@@@@@@@@@@@@@
@@@@@@@@@@@@@@@@@@@@@@@@@@@@@@@@@@@@@@@@@@@@@@@@@@@@@@@@@@@@@@@@@@@@@@@@@@@@@@@@@@@@@@@@@@@@@@@@@@@@
@@@@@@@@@@@@@@@@@@@@@@@@@@@@@@@@@@@@@@@@@@@@@@@@@@@@@@@@@@@@@@@@@@@@@@@@@@@@@@@@@@@@@@@@@@@@@@@@@@@@
@@@@@@@@@@@@@@@@@@@@@@@@@@@@@@@@@@@@@@@@@@@@@@@@@@@@@@@@@@@@@@@@@@@@@@@@@@@@@@@@@@@@@@@@@@@@@@@@@@@@,
10,
@@@@@@@@@@@@@@@@@@@@@@@@@@@@@@@@@@@@@@@@@@@@@@@@@@@@@@@@@@@@@@@@@@@@@@@@@@@@@@@@@@@@@@@@@@@@@@@@@@@@
@@@@@@@@@@@@@@@@@@@@@@@@@@@@@@@@@@@@@@@@@@@@@@@@@@@@@@@@@@@@@@@@@@@@@@@@@@@@@@@@@@@@@@@@@@@@@@@@@@@@
@@@@@@@@@@@@@@@@@@@@@@@@@@@@@@&#BP55YYYJY55PBB#&@@@@@@@@@@@@@@@@@@@@@@@@@@@@@@@@@@@@@@@@@@@@@@@@@@@@
@@@@@@@@&&@@@@@@@@@@@@@@@&B5J7~^:::::^~!7JJ???JYYYPB&@@@@@@@@@@@@@@@@@@@@@@@@@@@@@@@@@@@@@@@@@@@@@@@
@@@@@&57~!?YG#@@@@@@@@B5?~^::::::^~!7JJ?7!!!7??JP?!!7JP#@@@@@@@@@@@@@@@@@@@@@@@@@@@@@@@@@@@@@@@@@@@@
@@@@@Y7!!77777JP#&@#Y7~^^^^^^^~!??J?7!!!!7???JJJPJ!!!!!!?5#@@@@@@@@@@@@@@@@@@@@@@@@@@@@@@@@@@@@@@@@@
@@@@@GJ???7777777?5Y?77~~~!!7JJJ?77777???JJJJYY5Y7777?77777JB@@@@@@@@@@@@@@@@@@@@@@@@@@@@@@@@@@@@@@@
@@@@@@#G5YJJ???77777?JYJJJJ???77???JJJYYYYYYYYJJ7~::^~~~~^!7?Y&@@@@@@@@@@@@@@@@@@@@@@@@@@@@@@@@@@@@@
@@@@@@@@@@&##GYYYJJ??7777????JJYYYYYYJJ??77!!!J~::?GP5Y55Y7^!JY#@@@@@@@@@@@@@@@@@@@@@@@@@@@@@@@@@@@@
@@@@@@@@@@@@@?!7??JYYJJJJJJJ5YYJ?77!!!!!!!!!!J~.:P@&PYYYYY5P7^YJ#@@@@@@@@@@@@@@@@@@@@@@@@@@@@@@@@@@@
@@@@@@@@@@@@5~!!!!!!?5JJJJJPJ777!!!!!!!!!!!!7?..7@&&#G55YYY5B!~Y?&@@@@@@@@@@@@@@@@@@@@@@@@@@@@@@@@@@
@@@@@@@@@@@&!!!!!!!!!YYJJJYG7777!!!!!!!!!!!!7?..J@&&&&&#####@Y:57Y@@@@@@@@@@@@@@@@@@@@@@@@@@@@@@@@@@
@@@@@@@@@@@B~!!!!!!!!!JYYYY777!!!!!!!!!!!!!!!J:.~#@&&&&&@@@@@?^57?&@@@@@@@@@@@@@@@@@@@@@@@@@@@@@@@@@
@@@@@@@@@@@G~!!!!!!!!!!7777777!!!!!!!!!!!!!!!7?^.^G@@@&&&&@@P^?J77#@@@@@@@@@@@@@@@@@@@@@@@@@@@@@@@@@
@@@@@@@@@@@#~!!!!!7?JJJJJJJJJJJJJ??7!!!!!!!!!!!?!::!5B#&#BGJ~?J77?#@@@@@@@@@@@@@@@@@@@@@@@@@@@@@@@@@
@@@@@@@@@@@@J~!!?YY?!!~~~!!!!!!!77?YY?7!!!!!!!!!7?7~^^~~~^~!?J777J@@@@@@@@@@@@@@@@@@@@@@@@@@@@@@@@@@
@@@@@@@@@@@@#7!YY7~^^^^^^^!!!!!!!!!!7J5J77!!!!!!!!!77777?JJ???7??5?P@@@@@@@@@@@@@@@@@@@@@@@@@@@@@@@@
@@@@@@@@@@@@@#PJ!~^:^^~!!7777!!!!!!!!!?YY??777777777777?????????YY~^7#@@@@@@@@@@@@@@@@@@@@@@@@@@@@@@
@@@@@@@@@@@@@@B!!^^!??7!!7??????7!!!!7??J5J????????????????????J5!!!~!#@@@@@@@@@@@@@@@@@@@@@@@@@@@@@
@@@@@@@@@@@@@@G~!7Y7~^~~!!!!!!!7JJ?!!7???Y&5??????????????????YJ!!!!!~7@@@@@@@@@@@@@@@@@@@@@@@@@@@@@
@@@@@@@@@@@@@@@J!5!~!!!!!!!!!!!!!!YJ7????P&&B5J????????????JYY?!!!!!!!^P@@@@@@@@@@@@@@@@@@@@@@@@@@@@
@@@@@@@@@@@@@@@&5J!!!!!!!!!!!!!!!77PJ???5&&&&&#B5JJJ?JJJJYYY?!!!!!!!!!^?@@@@@@@@@@@@@@@@@@@@@@@@@@@@
@@@@@@@@@@@@@@@@@#J7!!!!!!!!!777???PJ?YB&&&&&&&BJJJJJJ??77!!!!!!!!!!~~~7@@@@@@@@@@@@@@@@@@@@@@@@@@@@
@@@@@@@@@@@@@@@@@@@BPJ??????????JYPPYJ?JYYPB#&&J????7!!!!!!!!!^^^^^^~~^7@@@@@@@@@@@@@@@@@@@@@@@@@@@@
@@@@@@@@@@@@@@@@@@@@@@&5?JJJJJYYYYJ7!~~~^^^~!5G?????7!!!!!!!^:~~!!~:^~^Y@@@@@@@@@@@@@@@@@@@@@@@@@@@@
@@@@@@@@@@@@@@@@@@@@@@5:::::^^^^^^^^^:::^^~^^!5????7!!!!!!~:^!!!!!!^:~^B@@@@@@@@@@@@@@@@@P7!7P@@@@@@
@@@@@@@@@@@@@@@@@@@@@&~^::::::::::::::::::^^^!P????7!!!!!!^:!!!!!!!^~~5@@@@@@@@@@@@@@@@B!:::::P@@@@@
@@@@@@@@@@@@@@@@@@@@#?~!?7^::::::::::::::^~!77YJJ??7!!!!!!^:!!!!!~^~!P@@@@@@@@@@@@@@@@&~:^^^:^J@@@@@
@@@@@@@@@@@@@@@@@@@@!.:::!Y^::::::::::::!!^:::.^75Y77!!!!!!^^~~~~~!7G@@@@@@@@@@@@@@@@@J^^^^^^~5@@@@@
@@@@@@@@@@@@@@@@@@@@~.:::^7J:::::::::::?!...::::~!PJ?7!!!!!!!!!!!?5&@@@@@@@@@@@@@@@@@&!^~~~^~7#@@@@@
@@@@@@@@@@@@@@@@@@@@G~:^~~!J:::::::::::5!^::::^~!~55YYJ?77!!77?YB&@@@@@@@@@@@@@@@@@@@#~~~~~~!P@@@@@@
@@@@@@@@@@@@@@@@@@@@@&PJ?J5!^:::::::::^!Y7~~~!!!!JY??JJYJJJJJ?P@@@@@@@@@@@@@@@@@@@@@@&~~~~~!Y@@@@@@@
@@@@@@@@@@@@@@@@@@@@@@@@@@@Y?77!~~~~~!77?5J?777??JJ???777!!!7!5@@@@@@@@@@@@@@@@@@@@@@&7~~~!Y@@@@@@@@
@@@@@@@@@@@@@@@@@@@@@@@@@@J::^!!!77!!!!~~^~!!!!!~~75?777~!77~?#@@@@@@@@@@@@@@@@@@@@@@@P!!!Y&@@@@@@@@
@@@@@@@@@@@@@@@@@@@@@@@@@@!.::::::::::::^~!!!!!77!~5J777~77!!PJG@@@@@@@@@@@@@@@@@@@@@@&J?P@@@@@@@@@@
@@@@@@@@@@@@@@@@@@@@@@@@@@G!^::::::::^~~!!!??????JJG?7777!!75Y7!Y#@@@@@@@@@@@@@@@@@@@#J7G@@@@@@@@@@@
@@@@@@@@@@@@@@@@@@@@@@@@@@!!?7~~~~~~!!!!!!?~::^~!!!PJ7777?J5J??7!!JP#@@@@@@@@@@@@@@#PYYJB@@@@@@@@@@@
@@@@@@@@@@@@@@@@@@@@@@@@@@P^^!?7!!~~!!!!~7?.:::~!!~55JJJYYJ???!7??!!7YP5GB##&&&#PY?!77?#@@@@@@@@@@@@
@@@@@@@@@@@@@@@@@@@@@@@@@@@&PJ?J5BG5777777Y!^^~!!7JY7JPY??????77???!??YJ777777?JYJ77?7P@@@@@@@@@@@@@
@@@@@@@@@@@@@@@@@@@@@@@@@@@@@@@@@@@@G?77?????JJJJ?7!!!!JYJ????????????Y5??!???7?JPJ?JG@@@@@@@@@@@@@@
@@@@@@@@@@@@@@@@@@@@@@@@@@@@@@@@@@@@@&G?~~~~~~~!!!!!!!!!75PYYJJ???????5Y????????JPYP&@@@@@@@@@@@@@@@
@@@@@@@@@@@@@@@@@@@@@@@@@@@@@@@@@@@@@@@@#57~~^^^~~!!77?JYJ7?JJYYYYYJJ55JJJJYYYY5PPB@@@@@@@@@@@@@@@@@
@@@@@@@@@@@@@@@@@@@@@@@@@@@@@@@@@@@@@@@@@@@&BPY?77??JJJ?77777777???YP5JJJJ?JJJ5#&@@@@@@@@@@@@@@@@@@@
@@@@@@@@@@@@@@@@@@@@@@@@@@@@@@@@@@@@@@@@@@@@@@@@#GP5J?7777777777?JJJ7777?JYPB&@@@@@@@@@@@@@@@@@@@@@@
@@@@@@@@@@@@@@@@@@@@@@@@@@@@@@@@@@@@@@@@@@@@@@@@@@@@@@&##BBGGBBBBGGGGB#&&@@@@@@@@@@@@@@@@@@@@@@@@@@@
@@@@@@@@@@@@@@@@@@@@@@@@@@@@@@@@@@@@@@@@@@@@@@@@@@@@@@@@@@@@@@@@@@@@@@@@@@@@@@@@@@@@@@@@@@@@@@@@@@@@
@@@@@@@@@@@@@@@@@@@@@@@@@@@@@@@@@@@@@@@@@@@@@@@@@@@@@@@@@@@@@@@@@@@@@@@@@@@@@@@@@@@@@@@@@@@@@@@@@@@@,
11,
@@@@@@@@@@@@@@@@@@@@@@@@@@@@@@@@@@@@@@@@@@@@@@@@@@@@@@@@@@@@@@@@@@@@@@@@@@@@@@@@@@@@@@@@@@@@@@@@@@@@
@@@@@@@@@@@@@@@@@@@@@@@@@@@@@@@@@@@@@@@@@@@@@@@@@@@@@@@@@@@@@@@@@@@@@@@@@@@@@@@@@@@@@@@@@@@@@@@@@@@@
@@@@@@@@@@@@@@@@@@@@@@@@@@@B5JJG@@@@@@@@@@@@@@@@@@@@@@@@@@@@@@@@@@@@@@@@@@@@@@@@@@@@@@@@@@@@@@@@@@@@
@@@@@@@@@@@@@@@@@@@@@@@@&P!::^^~G@@@@@@@@@@@@@@@@@@@@@@@@@@@@@@@@@@@@@@@@@@@@@@@@@@@@@@@@@@@@@@@@@@@
@@@@@@@@@@@@@@@@@@@@@@@G!:^~~~~~!#@@@@@@@@@@@@@@@@@@@@@@@@@@@@@@@@@@@@@@@@@@@@@@@@@@@@@@@@@@@@@@@@@@
@@@@@@@@@@@@@@@@@@@@@@B^~~~~~~~~~?@@@@@@@@@@@@@@@@@@@@@@@@@@@@@@@@@@@@@@@@@@@@@@@@@@@@@@@@@@@@@@@@@@
@@@@@@@@@@@@@@@@@@@@@&7~!!~~~~!~~~5@@@@@@@@@@@@@@@@@@@@@@@@@@@@@@@@@@@@@@@@@@@@@@@@@@@@@@@@@@@@@@@@@
@@@@@@@@@@@@@@@@@@@@@Y~~~~~~~~~~~~!P@@@@@@@@@@@@@@@@@@@@@@@@@@@@@@@@@@@@@@@@@@@@@@@@@@@@@@@@@@@@@@@@
@@@@@@@@@@@@@@@@@@@@P~~~~!~~~~!!~~!7G@@@@@@@@@@@@@@@@@@@@@@@@@@@@@@@@@@@@@@@@@@@@@@@@@@@@@@@@@@@@@@@
@@@@@@@@@@@@@@@@@@@B~~~~~~!!~~~!!~!7?B@@@@@@@@@@@@@@@@@@@@@@@@@@@@@@@@@@@@@@@@@@@@@@@@@@@@@@@@@@@@@@
@@@@@@@@@@@@@@@@@@#!~!!~~~~~~~!!!~!???P@@@@@@@@@@@@@@@@@@@@@@@@@@@@@@@@@@@@@@@@@@@@@@@@@@@@@@@@@@@@@
@@@@@@@@@@@@@@@@@B!~!~~~~~!!~~~~!~!?JJJ5&@@@@@@@@@@@@@@@@@@@@@@@@@@@@@@@@@@@@@@@@@@@@@@@@@@@@@@@@@@@
@@@@@@@@@@@@@@@@G~~~~!!~~~~~~~~~~!J?777?5B@@@@@@@@@@@@@@@@@@@@@@@@@@@@@@@@@@@@@@@@@@@@@@@@@@@@@@@@@@
@@@@@@@@@@@@@@@5:^!~~~~~~~~~~~~~75J?7!!!7YPB@@@@@@@@@@@@@@@@@@@@@@@@@@@@@@@@@@@@@@@@@@@@@@@@@@@@@@@@
@@@@@@@@@@@@@@B?7~~~~~~~~~~~~~~~J:.:J#G5YJJYYB@@@@@@@@@@@@@@@@@@@@@@@@@@@@@@@@@@@@@@@@@@@@@@@@@@@@@@
@@@@@@@@@@@@@&?~J7~~~~~~~~~~~~~?P.@@7&##B7JP??JG&@@@@@@@@@@@@@@@@@@@@@@@@@@@@@@@@@@@@@@@@@@@@@@@@@@@
@@@@@@@@@@@@&7^~~J7~~~~~~~~~~7JJ5?:::~?7^.^P???7?5#@@@@@@@@@@@@@@@@@@@@@@@@@@@@@@@@@@@@@@@@@@@@@@@@@
@@@@@@@@@@@@5^~~~~J!~~~~~~~7JJ??7YJ~::.::~?J?????77?5B&@@@@@@@@@@@@@@@@@@@@@@@@@@@@@@@@@@@@@@@@@@@@@
@@@@@@@@@@@@5~~~!7YJ?7!!!7J?!!!!!~!??777JJ?????????7!~7JG#@@@@@@@@@@@@@@@@@@@@@@@@@@@@@@@@@@@@@@@@@@
@@@@@@@@@@@BJJ7?J?!~!7JYPY!~~!!!!!!~~!??????????????77!~~~7YG&@@@@@@@@@@@@@@@@@@@@@@@@@@@@@@@@@@@@@@
@@@@@@@@@@@5:7J?!~~~~~~YJ?J?7!~!!!!!!7?????????????????77!~~^~7YG#@@@@@@@@@@@@@@@@@@@@@@@@@@@@@@@@@@
@@@@@@@@@@@5:^~~~~~~~~J?~~!7JJ?!!!!!7?????????????????????77!~~^~!B@@@@@@@@@@@@@@@@@@@@@@@@@@@@@@@@@
@@@@@@@@@@#Y:^~~~~~!~7J~!!!~~!?JYJ???????????????????????????77!!P@@@@@@@@@@@@@@@@@@@@@@@@@@@@@@@@@@
@@@@@@@@@@GJ~^!!!!~~!?~~~!!!~~~!7JYY???????????????????????????Y#@@@@@@@@@@@@@@@@@@@@@@@@@@@@@@@@@@@
@@@@@@@@@@P7?^~!!!~~J!~~~~!!~~~!~~!?Y5J???????????????????????G@@@@@@@@@@@@@@@@@@@@@@@@@@@@@@@@@@@@@
@@@@@@@@@@B~Y!~!!~!?J~!~~~~!!~~~~~~~!?P?????????????????????J#@@@@@@@@@@@@@@@@@@@@@@@@@@@@@@@@@@@@@@
@@@@@@@@@@@?!J~!!77Y!~!!~~~~~~~!!~~~!5J????????????????????J&@@@@@@@@@@@@@@@@@@@@@@@@@@@@@@@@@@@@@@@
@@@@@@@@@@@#?JYJYYYP~~~~~~~~!~~~!!7?5J???????????????????YY#@@@@@@@@@@@@@@@@@@@@@@@@@@@@@@@@@@@@@@@@
@@@@@@@@@@@@@G55JJY5YJ77!!!!!777???5J?????????????????????P@@@@@@@@@@@@@@@@@@@@@@@@@@@@@@@@@@@@@@@@@
@@@@@@@@@@@@@@&BG5??JJYYYJ???????J5????????????????????????Y#@@@@@@@@@@@@@@@@@@@@@@@@@@@@@@@@@@@@@@@
@@@@@@@@@@@@@@@@@@B5JJJYY55YJ???J5???????????????????????????YB@@@@@@@@@@@@@@@@@@@@@@@@@@@@@@@@@@@@@
@@@@@@@@@@@@@@@@@@@@#5Y??JJY55YPY??????????????????????????????JB@@@@@@@@@@@@@@@@@@@@@@@@@@@@@@@@@@@
@@@@@@@@@@@@@@@@@@@@@BYJ???????YY????????????????????????????????Y#@@@@@@@@@@@@@@@@@@@@@@@@@@@@@@@@@
@@@@@@@@@@@@@@@@@@@@@@&PJ?77?????Y??????777???????????????????????J&@@@@@@@@@@@@@@@@@@@@@@@@@@@@@@@@
@@@@@@@@@@@@@@@@@@@@@@@@#PJ7!77777YJ?????777777??77????????????????P5B@@@@@@@@@@@@@@@@@@@@@@@@@@@@@@
@@@@@@@@@@@@@@@@@@@@@@@@@@#GJ!!77!!JJ???7777!!777777777????????????5?7JG&@@@@@@@@@@@@@@@@@@@@@@@@@@@
@@@@@@@@@@@@@@@@@@@@@@@@@@@@@G?7!!77?YJ??77777777!777!!77?????????JP?777?5&@@@@@@@@@@@@@@@@@@@@@@@@@
@@@@@@@@@@@@@@@@@@@@@@@@@@@@@@@B5?!!77YYJ??777777777777777???????JPYJ??777JGG&@@@@@@@@@@@@@@@@@@@@@@
@@@@@@@@@@@@@@@@@@@@@@@@@@@@@@@@@&BYJJ??JYYYJJJ???77????????JJJJY5GJJJJJ???P7?5B&@@@@@@@@@@@@@@@@@@@
@@@@@@@@@@@@@@@@@@@@@@@@@@@@@@@@@@@@@&#BGPP5YYYYYYYYJJJJJJJJJJ5P5YY5YYJJJYPYJJJJYG&@@@@@@@@@@@@@@@@@
@@@@@@@@@@@@@@@@@@@@@@@@@@@@@@@@@@@@@@@@@@@@&&BGP555555YYY55555YJJJJY555PBGJJJJJJYYY5G#&@@@@@@@@@@@@
@@@@@@@@@@@@@@@@@@@@@@@@@@@@@@@@@@@@@@@@@@@@@@@@@@@&&#GPYY555YYYYYJJJJYPPYY55YYY5GJJ???JY&@@@@@@@@@@
@@@@@@@@@@@@@@@@@@@@@@@@@@@@@@@@@@@@@@@@@@@@@@@@@@@@@@@&#BG55YYYY55PPPPYJJJJYYY5BYJJJJ?JP@@@@@@@@@@@
@@@@@@@@@@@@@@@@@@@@@@@@@@@@@@@@@@@@@@@@@@@@@@@@@@@@@@@@@@@@@&###BGPYYY555Y555P5JJJJYPB&@@@@@@@@@@@@
@@@@@@@@@@@@@@@@@@@@@@@@@@@@@@@@@@@@@@@@@@@@@@@@@@@@@@@@@@@@@@@@@@@&&#BBGGB#&#GGGB#&@@@@@@@@@@@@@@@@
@@@@@@@@@@@@@@@@@@@@@@@@@@@@@@@@@@@@@@@@@@@@@@@@@@@@@@@@@@@@@@@@@@@@@@@@@@@@@@@@@@@@@@@@@@@@@@@@@@@@
@@@@@@@@@@@@@@@@@@@@@@@@@@@@@@@@@@@@@@@@@@@@@@@@@@@@@@@@@@@@@@@@@@@@@@@@@@@@@@@@@@@@@@@@@@@@@@@@@@@@,
12,

@@@@@@@@@@@@@@@@@@@@@@@@@@@@@@@@@@@@@@@@@@@@@@@@@@@@@@@@@@@@@@@@@@@@@@@@@@@@@@@@@@@@@@@@@@@@@@@@@@@@
@@@@@@@@@@@@@@@@@@@@@@@@@@@@@@@@@@@@@@@@@@@@@@@@@@@@@@@@@@@@@@@@@@@@@@@@@@@@@@@@@@@@@@@@@@@@@@@@@@@@
@@@@@@@@@@@@@@@@@@@@@@@@@@@@@@@@@@@@@@@@@@@@@@@@@@@@@@@@@@@@@@@@@@@@@@@@@@@@@@@@@@@@@@@@@@@@@@@@@@@@
@@@@@@@@@@@@@@@@@@@@@@@@@@@@@@@@@@@@@@@@@@@@@@@@@@@@@@@@@@@@@@@@@@@@@@@@@@@@@@@@@@@@@@@@@@@@@@@@@@@@
@@@@@@@@@@@@@@@@@@@@@@@@&B&@@@@@@@@@@@@@@@@@@@@@@@@@@@@@@@@@@@@@@@@@@@@@@@@@@@@@@@@@@@@@@@@@@@@@@@@@
@@@@@@@@@@@@@@@@@@@@@@@@B5&@@@@@@@@@@@@@@@@@@@@@@@@@@@@@@@@@@@@@@@@@@@@@@@@@@#BP5PG#&&&@@@@@@@@@@@@@
@@@@@@@@@@@@@@@@@@@@@@@@&&@@@@@@@@@@@@@@@@@@@@@@#GB@@@@@@@@@@@@@@@@@@@@@#GY7^.@@@@@:?GGGB#@@@@@@@@@@
@@@@@@@@@@@@@@@@@@@@@@@@@@@@@@@@@@@@@@@@@@@@@@@BPB&@@@@@@@@@@@@@@@@@B57^.@@@@@@@@@@@:GBGGGG#@@@@@@@@
@@@@@@@@@5!^^!JG&@@@@@@@@@@@@@@@@@@@@@@@@@@@@@@@@@@@@@@@@@@@@@@@&P?^.@@@@@@@@@@.:^^^^!J?J5#@@@@@@@@@
@@@@@@@@!@@@@@@@:J#@@@@@@@@@@@@@@@@@@@@@@@@@@@@@@@@@@@@@@@@@@@G7:@@@@@@@@@@.:^~~~^^::.@@@.^P@@@@@@@@
@@@@@@@#:@@@@@@@@@.?#@@@@@@@@@@@@@@@@@@@@@@@@@@@@@@@@@@@@@@#J:@@@@@...@@.:^~~~^:..........@:&@@@@@@@
@@@@@@@7:^:.@@@@@@@@.J&@@@@@@@@@@@@@@@@@@@@@@@@@@@@@@@@@@G!.@@.^7Y5PPPYY?!^^:.............@^@@@@@@@@
@@@@@@7.:^^^^:@@@@@@@@^G@@@@@@@@@@@@@@@@@@@@@@@@@@@@@@@P~@@:!J55YJJJ5G#&@&J.............::~B@@@@@@@@
@@@@@P@@@@.:^^?Y5Y?~.@@@5@@@@@@@@@@@@@@@@@@@@@@@@@@@@G~@@^7?!^.@@@@@@:?&@@@~.::^^^^^^^^^^:!#@@@@@@@@
@@@@@G.@@@@@.PBGY?7??!:@^&#@@@@@@@@@@@@@@@@@@@@@@@@B!@@^~^.@@@@.......@P@@&!~~^^::........@~@@@@@@@@
@@@@@&~::..@:GB7@@@@.:!!.P7B@@@@@@@@@@@@@@@@@@@@@@J@@^~:@@@..........@~&@P^...............@^@@@@@@@@
@@@@@&.@..:^:5@7@.....@^!JY:B@@@@@@@@@@@@@@@@@@@#~@.!^@@............:7P?^@...............@^G@@@@@@@@
@@@@@@?@@....:P#^@.......~G^:B@@@@@@@@@@@@@@@@@P.@^!.@...........:^^~^.@@...............^J&@@@@@@@@@
@@@@@@@5~:::...!J^.......@~Y@:#@@@@@@@@@@@@@@@5@@!~..........:^~^^:..:::^^^^^^^^^^^^^JB#@@@@@@@@@@@@
@@@@@@@#::::^^^^^~!~:.....@!7.J#BGB#GGGB#&@@@5@.!^@.......:^~~^^^^^^^::::.............7@@@@@@@@@@@@@
@@@@@@@&^@.......::^!!~...:!P5J???5P555PP5PGG~^!......:^~!!~^^::......................@5@@@@@@@@@@@@
@@@@@@@@G.............:^~7???YJ??J555PY7?JY5555:@..:~77!^:............................@Y@@@@@@@@@@@@
@@@@@@@@@Y@@..........@^YYYYJJJY5555PP~^~??JY5PY^:^~^:.................................G@@@@@@@@@@@@
@@@@@@@@@@5^:::.......~7~7?YP55PP5555P?77??JYY5G5:..................................@.Y@@@@@@@@@@@@@
@@@@@@@@@@@#^^^^^^^^^~J!7??Y5G5PPPPP5PPYJJJYYYYPP:.:::::::^^^^^^^^^^^^^^:::::::.....!G@@@@@@@@@@@@@@
@@@@@@@@@@@@!@.......^J??JYYYG5PPP55PPPP5YYYYYYGY^^^^^:::::::::::..::::::::^^^^^^~J#@@@@@@@@@@@@@@@@
@@@@@@@@@@@@&^@.......JYYYYY5P55?!!7JJPPPPPP5PGY:@................................:Y@@@@@@@@@@@@@@@@
@@@@@@@@@@@@@B........:J5YY5P5PPJJYYYP5P5PPPPP?.....................................G@@@@@@@@@@@@@@@
@@@@@@@@@@@@@@5@........~7YPP55PPP5555555PPPPP5Y7^^^^^:::..........................@P@@@@@@@@@@@@@@@
@@@@@@@@@@@@@@@Y@@.....:::^!77?JYP5555555P555PPPPY!:^^^~~~~~^^::...................~&@@@@@@@@@@@@@@@
@@@@@@@@@@@@@@@@5^::^^^::..@@@@.?P5555555P57!JP555P?^~~~~~~~~~~~~~~^^^:::...:::..:7#@@@@@@@@@@@@@@@@
@@@@@@@@@@@@@@@@@@G:..........:?!Y5YYYYYY5PY?J5P555G7~~~~~~~~~~~~~~~^^^~~~~^^:^!JB@@@@@@@@@@@@@@@@@@
@@@@@@@@@@@@@@@@@@@J:@........:J?JPYYYYYYY5P55555555!!77!!~~~~~~~~~~~~^^::::Y&&@@@@@@@@@@@@@@@@@@@@@
@@@@@@@@@@@@@@@@@@@@#Y~:......:!YYPYYYYYYYYY55555PP?^^^~!777!!!~~~~~~~~~~:.~B@@@@@@@@@@@@@@@@@@@@@@@
@@@@@@@@@@@@@@@@@@@@@@@#BPY??J??77!?Y555Y555555PPP5Y7~^^^^^~~!!J777!!!!!7JP&@@@@@@@@@@@@@@@@@@@@@@@@
@@@@@@@@@@@@@@@@@@@@@@@@@@@@@#J~!7^^~!J55PPPPG#&PYY55?!~^::::::^J!~~~~?&&@@@@@@@@@@@@@@@@@@@@@@@@@@@
@@@@@@@@@@@@@@@@@@@@@@@@@@@@@BJ.!!::^^?77PY55B@@PYYYY5!~!~^:::::7^~~~::&@@@@@@@@@@@@@@@@@@@@@@@@@@@@
@@@@@@@@@@@@@@@@@@@@@@@@@@@@@BG~~7!~^~!!Y5YYYY&@PJYYJY5^:^?~~!?!::::^~~#@@@@@@@@@@@@@@@@@@@@@@@@@@@@
@@@@@@@@@@@@@@@@@@@@@@@@@@@@@&GGJ::~7:::7PYYJJP@#JJJJJYY:.^!:::7^::::.?@@@@@@@@@@@@@@@@@@@@@@@@@@@@@
@@@@@@@@@@@@@@@@@@@@@@@@@@@@@@#G#5~:!::::YJ???J&@P7!7775BJ^!:..:!^.:^5@@@@@@@@@@@@@@@@@@@@@@@@@@@@@@
@@@@@@@@@@@@@@@@@@@@@@@@@@@@@@@&&@@GY?~^^J5~!!!B@@5!~!!7&@&BPJ777YYG&@@@@@@@@@@@@@@@@@@@@@@@@@@@@@@@
@@@@@@@@@@@@@@@@@@@@@@@@@@@@@@@@@@@@@@&&&@@P~~~P@@@G7^~7&@@@@@@@@@@@@@@@@@@@@@@@@@@@@@@@@@@@@@@@@@@@
@@@@@@@@@@@@@@@@@@@@@@@@@@@@@@@@@@@@@@@@@@@@#5Y&@@@@&G5B@@@@@@@@@@@@@@@@@@@@@@@@@@@@@@@@@@@@@@@@@@@@
@@@@@@@@@@@@@@@@@@@@@@@@@@@@@@@@@@@@@@@@@@@@@@@@@@@@@@@@@@@@@@@@@@@@@@@@@@@@@@@@@@@@@@@@@@@@@@@@@@@@
@@@@@@@@@@@@@@@@@@@@@@@@@@@@@@@@@@@@@@@@@@@@@@@@@@@@@@@@@@@@@@@@@@@@@@@@@@@@@@@@@@@@@@@@@@@@@@@@@@@@
@@@@@@@@@@@@@@@@@@@@@@@@@@@@@@@@@@@@@@@@@@@@@@@@@@@@@@@@@@@@@@@@@@@@@@@@@@@@@@@@@@@@@@@@@@@@@@@@@@@@
@@@@@@@@@@@@@@@@@@@@@@@@@@@@@@@@@@@@@@@@@@@@@@@@@@@@@@@@@@@@@@@@@@@@@@@@@@@@@@@@@@@@@@@@@@@@@@@@@@@@,

